{"features":[{"geometry":{"coordinates":[[[-85.48995296092856,54.90106264738662],[-85.48995296092856,56.51374188610959],[-84.31191735633713,56.51374188610959],[-84.31191735633713,54.90106264738662],[-85.48995296092856,54.90106264738662]]],"type":"Polygon"},"id":"candidate-0000","properties":{},"type":"Feature"},{"geometry":{"coordinates":[[[150.77076460710498,69.03936726433462],[150.77076460710498,69.72608669582927],[151.3903755511634,69.72608669582927],[151.3903755511634,69.03936726433462],[150.77076460710498,69.03936726433462]]],"type":"Polygon"},"id":"candidate-0001","properties":{},"type":"Feature"},{"geometry":{"coordinates":[[[-40.33430807350002,73.01323394065693],[-40.33430807350002,74.22080945734095],[-38.4369777690621,74.22080945734095],[-38.4369777690621,73.01323394065693],[-40.33430807350002,73.01323394065693]]],"type":"Polygon"},"id":"candidate-0002","properties":{},"type":"Feature"},{"geometry":{"coordinates":[[[-28.532909614302646,-43.442453532734156],[-28.532909614302646,-41.10185530172938],[-26.18404677486631,-41.10185530172938],[-26.18404677486631,-43.442453532734156],[-28.532909614302646,-43.442453532734156]]],"type":"Polygon"},"id":"candidate-0003","properties":{},"type":"Feature"},{"geometry":{"coordinates":[[[-22.75946452612499,12.571073475787557],[-22.75946452612499,14.397562987191776],[-21.00428106916979,14.397562987191776],[-21.00428106916979,12.571073475787557],[-22.75946452612499,12.571073475787557]]],"type":"Polygon"},"id":"candidate-0004","properties":{},"type":"Feature"},{"geometry":{"coordinates":[[[21.240791485335922,34.45469850289414],[21.240791485335922,36.14929353996154],[22.26880607618956,36.14929353996154],[22.26880607618956,34.45469850289414],[21.240791485335922,34.45469850289414]]],"type":"Polygon"},"id":"candidate-0005","properties":{},"type":"Feature"},{"geometry":{"coordinates":[[[-74.71862158101754,-25.941695751807718],[-74.71862158101754,-24.488256774195047],[-73.73579015950133,-24.488256774195047],[-73.73579015950133,-25.941695751807718],[-74.71862158101754,-25.941695751807718]]],"type":"Polygon"},"id":"candidate-0006","properties":{},"type":"Feature"},{"geometry":{"coordinates":[[[-124.55878452956208,-42.61774587424707],[-124.55878452956208,-41.81372218743018],[-122.20395082181341,-41.81372218743018],[-122.20395082181341,-42.61774587424707],[-124.55878452956208,-42.61774587424707]]],"type":"Polygon"},"id":"candidate-0007","properties":{},"type":"Feature"},{"geometry":{"coordinates":[[[-123.99497935730919,0.6512634508059572],[-123.99497935730919,1.6967333023928566],[-122.02664859549965,1.6967333023928566],[-122.02664859549965,0.6512634508059572],[-123.99497935730919,0.6512634508059572]]],"type":"Polygon"},"id":"candidate-0008","properties":{},"type":"Feature"},{"geometry":{"coordinates":[[[129.0995398579618,53.864804145723134],[129.0995398579618,55.34942607662986],[130.8037955039599,55.34942607662986],[130.8037955039599,53.864804145723134],[129.0995398579618,53.864804145723134]]],"type":"Polygon"},"id":"candidate-0009","properties":{},"type":"Feature"},{"geometry":{"coordinates":[[[128.94800804430466,-3.743661534359811],[128.94800804430466,-1.5319363498418765],[130.92699743720763,-1.5319363498418765],[130.92699743720763,-3.743661534359811],[128.94800804430466,-3.743661534359811]]],"type":"Polygon"},"id":"candidate-0010","properties":{},"type":"Feature"},{"geometry":{"coordinates":[[[71.67373859096536,55.238414179878134],[71.67373859096536,57.68955806623492],[72.34255443574652,57.68955806623492],[72.34255443574652,55.238414179878134],[71.67373859096536,55.238414179878134]]],"type":"Polygon"},"id":"candidate-0011","properties":{},"type":"Feature"},{"geometry":{"coordinates":[[[6.728343114651673,33.49788364518311],[6.728343114651673,35.1877181313272],[7.39222985816692,35.1877181313272],[7.39222985816692,33.49788364518311],[6.728343114651673,33.49788364518311]]],"type":"Polygon"},"id":"candidate-0012","properties":{},"type":"Feature"},{"geometry":{"coordinates":[[[-101.14822075484798,-17.668324873392894],[-101.14822075484798,-17.20831161622969],[-100.05708410873768,-17.20831161622969],[-100.05708410873768,-17.668324873392894],[-101.14822075484798,-17.668324873392894]]],"type":"Polygon"},"id":"candidate-0013","properties":{},"type":"Feature"},{"geometry":{"coordinates":[[[-168.94275176840156,46.955131135977794],[-168.94275176840156,48.363591773590585],[-167.65742429637024,48.363591773590585],[-167.65742429637024,46.955131135977794],[-168.94275176840156,46.955131135977794]]],"type":"Polygon"},"id":"candidate-0014","properties":{},"type":"Feature"},{"geometry":{"coordinates":[[[-77.02295976740257,-39.558558733342146],[-77.02295976740257,-37.11485302279991],[-75.35667024126244,-37.11485302279991],[-75.35667024126244,-39.558558733342146],[-77.02295976740257,-39.558558733342146]]],"type":"Polygon"},"id":"candidate-0015","properties":{},"type":"Feature"},{"geometry":{"coordinates":[[[-91.29916567544424,23.51855684700092],[-91.29916567544424,24.512983211126258],[-89.92021652529223,24.512983211126258],[-89.92021652529223,23.51855684700092],[-91.29916567544424,23.51855684700092]]],"type":"Polygon"},"id":"candidate-0016","properties":{},"type":"Feature"},{"geometry":{"coordinates":[[[55.78486924751765,67.34382962088311],[55.78486924751765,68.17118123095413],[56.20004878037331,68.17118123095413],[56.20004878037331,67.34382962088311],[55.78486924751765,67.34382962088311]]],"type":"Polygon"},"id":"candidate-0017","properties":{},"type":"Feature"},{"geometry":{"coordinates":[[[91.37741880282148,12.578638212359973],[91.37741880282148,13.143533544519872],[92.26506373021037,13.143533544519872],[92.26506373021037,12.578638212359973],[91.37741880282148,12.578638212359973]]],"type":"Polygon"},"id":"candidate-0018","properties":{},"type":"Feature"},{"geometry":{"coordinates":[[[29.048304852171906,72.09205984791448],[29.048304852171906,74.21771535888875],[30.025004277988604,74.21771535888875],[30.025004277988604,72.09205984791448],[29.048304852171906,72.09205984791448]]],"type":"Polygon"},"id":"candidate-0019","properties":{},"type":"Feature"},{"geometry":{"coordinates":[[[-40.9365212771221,-7.3065348132571835],[-40.9365212771221,-6.545119647216868],[-38.83950310503428,-6.545119647216868],[-38.83950310503428,-7.3065348132571835],[-40.9365212771221,-7.3065348132571835]]],"type":"Polygon"},"id":"candidate-0020","properties":{},"type":"Feature"},{"geometry":{"coordinates":[[[-63.426234328585714,7.3029385687008705],[-63.426234328585714,8.487153008548471],[-61.00253487222846,8.487153008548471],[-61.00253487222846,7.3029385687008705],[-63.426234328585714,7.3029385687008705]]],"type":"Polygon"},"id":"candidate-0021","properties":{},"type":"Feature"},{"geometry":{"coordinates":[[[76.1357619907118,29.947904066525194],[76.1357619907118,31.900124012682046],[77.23078494392341,31.900124012682046],[77.23078494392341,29.947904066525194],[76.1357619907118,29.947904066525194]]],"type":"Polygon"},"id":"candidate-0022","properties":{},"type":"Feature"},{"geometry":{"coordinates":[[[-77.70325865022515,12.774494408930464],[-77.70325865022515,14.183630911346528],[-76.63386758941611,14.183630911346528],[-76.63386758941611,12.774494408930464],[-77.70325865022515,12.774494408930464]]],"type":"Polygon"},"id":"candidate-0023","properties":{},"type":"Feature"},{"geometry":{"coordinates":[[[-136.54486193133653,50.61783445112681],[-136.54486193133653,52.87039435796436],[-134.8292446029174,52.87039435796436],[-134.8292446029174,50.61783445112681],[-136.54486193133653,50.61783445112681]]],"type":"Polygon"},"id":"candidate-0024","properties":{},"type":"Feature"},{"geometry":{"coordinates":[[[134.64577587614002,10.258195433028652],[134.64577587614002,11.372394181490586],[136.91402823463199,11.372394181490586],[136.91402823463199,10.258195433028652],[134.64577587614002,10.258195433028652]]],"type":"Polygon"},"id":"candidate-0025","properties":{},"type":"Feature"},{"geometry":{"coordinates":[[[94.59742299718985,41.839519727893176],[94.59742299718985,42.995935642942825],[96.1094089256604,42.995935642942825],[96.1094089256604,41.839519727893176],[94.59742299718985,41.839519727893176]]],"type":"Polygon"},"id":"candidate-0026","properties":{},"type":"Feature"},{"geometry":{"coordinates":[[[-116.50072629788019,42.492623011037765],[-116.50072629788019,43.76055091256656],[-115.95039031018308,43.76055091256656],[-115.95039031018308,42.492623011037765],[-116.50072629788019,42.492623011037765]]],"type":"Polygon"},"id":"candidate-0027","properties":{},"type":"Feature"},{"geometry":{"coordinates":[[[-64.1008574316978,30.895897737376472],[-64.1008574316978,32.74939640724337],[-62.05702312184833,32.74939640724337],[-62.05702312184833,30.895897737376472],[-64.1008574316978,30.895897737376472]]],"type":"Polygon"},"id":"candidate-0028","properties":{},"type":"Feature"},{"geometry":{"coordinates":[[[70.59577832816056,27.830340846709955],[70.59577832816056,28.141550276592145],[72.49915688589347,28.141550276592145],[72.49915688589347,27.830340846709955],[70.59577832816056,27.830340846709955]]],"type":"Polygon"},"id":"candidate-0029","properties":{},"type":"Feature"},{"geometry":{"coordinates":[[[85.94845392051,-19.414649809569475],[85.94845392051,-18.740321635764438],[86.92874878515865,-18.740321635764438],[86.92874878515865,-19.414649809569475],[85.94845392051,-19.414649809569475]]],"type":"Polygon"},"id":"candidate-0030","properties":{},"type":"Feature"},{"geometry":{"coordinates":[[[95.20576971664738,-45.014435935819634],[95.20576971664738,-44.36848107513033],[95.87598098476579,-44.36848107513033],[95.87598098476579,-45.014435935819634],[95.20576971664738,-45.014435935819634]]],"type":"Polygon"},"id":"candidate-0031","properties":{},"type":"Feature"},{"geometry":{"coordinates":[[[85.64621458917966,61.56764147818207],[85.64621458917966,63.80152309447435],[87.42829204007941,63.80152309447435],[87.42829204007941,61.56764147818207],[85.64621458917966,61.56764147818207]]],"type":"Polygon"},"id":"candidate-0032","properties":{},"type":"Feature"},{"geometry":{"coordinates":[[[14.379163477010096,39.981416392354866],[14.379163477010096,41.22875644878932],[16.141299292753317,41.22875644878932],[16.141299292753317,39.981416392354866],[14.379163477010096,39.981416392354866]]],"type":"Polygon"},"id":"candidate-0033","properties":{},"type":"Feature"},{"geometry":{"coordinates":[[[61.07054976874704,46.72504183297885],[61.07054976874704,48.42969090401625],[61.735126671813504,48.42969090401625],[61.735126671813504,46.72504183297885],[61.07054976874704,46.72504183297885]]],"type":"Polygon"},"id":"candidate-0034","properties":{},"type":"Feature"},{"geometry":{"coordinates":[[[-72.31233932928681,24.335177919496],[-72.31233932928681,26.349807604418434],[-71.27031563971097,26.349807604418434],[-71.27031563971097,24.335177919496],[-72.31233932928681,24.335177919496]]],"type":"Polygon"},"id":"candidate-0035","properties":{},"type":"Feature"},{"geometry":{"coordinates":[[[-19.269037945231737,47.3175785332539],[-19.269037945231737,48.922179539227535],[-17.29455433468683,48.922179539227535],[-17.29455433468683,47.3175785332539],[-19.269037945231737,47.3175785332539]]],"type":"Polygon"},"id":"candidate-0036","properties":{},"type":"Feature"},{"geometry":{"coordinates":[[[-156.55582882640388,-20.826052737609547],[-156.55582882640388,-20.046485643308582],[-154.20276603005667,-20.046485643308582],[-154.20276603005667,-20.826052737609547],[-156.55582882640388,-20.826052737609547]]],"type":"Polygon"},"id":"candidate-0037","properties":{},"type":"Feature"},{"geometry":{"coordinates":[[[55.827012768045556,15.26694674642014],[55.827012768045556,16.93531891504681],[56.48752943270137,16.93531891504681],[56.48752943270137,15.26694674642014],[55.827012768045556,15.26694674642014]]],"type":"Polygon"},"id":"candidate-0038","properties":{},"type":"Feature"},{"geometry":{"coordinates":[[[-152.84225336790703,42.5544697800344],[-152.84225336790703,43.29900127359996],[-151.3516454985406,43.29900127359996],[-151.3516454985406,42.5544697800344],[-152.84225336790703,42.5544697800344]]],"type":"Polygon"},"id":"candidate-0039","properties":{},"type":"Feature"},{"geometry":{"coordinates":[[[-73.93337714315432,-17.936381501918543],[-73.93337714315432,-17.165112960153525],[-72.19509137470625,-17.165112960153525],[-72.19509137470625,-17.936381501918543],[-73.93337714315432,-17.936381501918543]]],"type":"Polygon"},"id":"candidate-0040","properties":{},"type":"Feature"},{"geometry":{"coordinates":[[[99.44915643427768,52.2134034641963],[99.44915643427768,53.75757691115421],[101.26796886407638,53.75757691115421],[101.26796886407638,52.2134034641963],[99.44915643427768,52.2134034641963]]],"type":"Polygon"},"id":"candidate-0041","properties":{},"type":"Feature"},{"geometry":{"coordinates":[[[-154.06081723352963,11.807641547797715],[-154.06081723352963,13.934432881176036],[-152.8152901144366,13.934432881176036],[-152.8152901144366,11.807641547797715],[-154.06081723352963,11.807641547797715]]],"type":"Polygon"},"id":"candidate-0042","properties":{},"type":"Feature"},{"geometry":{"coordinates":[[[111.18564401545618,-19.833059010136534],[111.18564401545618,-18.95439061389496],[113.21449869810786,-18.95439061389496],[113.21449869810786,-19.833059010136534],[111.18564401545618,-19.833059010136534]]],"type":"Polygon"},"id":"candidate-0043","properties":{},"type":"Feature"},{"geometry":{"coordinates":[[[-58.976078798783604,-52.68212287571316],[-58.976078798783604,-51.44630196623454],[-58.240150204869664,-51.44630196623454],[-58.240150204869664,-52.68212287571316],[-58.976078798783604,-52.68212287571316]]],"type":"Polygon"},"id":"candidate-0044","properties":{},"type":"Feature"},{"geometry":{"coordinates":[[[105.99517291329059,-28.83047393308291],[105.99517291329059,-26.73178405758397],[107.02179238272791,-26.73178405758397],[107.02179238272791,-28.83047393308291],[105.99517291329059,-28.83047393308291]]],"type":"Polygon"},"id":"candidate-0045","properties":{},"type":"Feature"},{"geometry":{"coordinates":[[[109.79682972826295,-41.980763412683416],[109.79682972826295,-41.585104707916244],[110.33838415435575,-41.585104707916244],[110.33838415435575,-41.980763412683416],[109.79682972826295,-41.980763412683416]]],"type":"Polygon"},"id":"candidate-0046","properties":{},"type":"Feature"},{"geometry":{"coordinates":[[[-71.30572408555607,-43.40838551198927],[-71.30572408555607,-42.917717116938924],[-69.0074066447584,-42.917717116938924],[-69.0074066447584,-43.40838551198927],[-71.30572408555607,-43.40838551198927]]],"type":"Polygon"},"id":"candidate-0047","properties":{},"type":"Feature"},{"geometry":{"coordinates":[[[11.441374235563586,-46.8859527212028],[11.441374235563586,-45.04587879076104],[12.77805685207349,-45.04587879076104],[12.77805685207349,-46.8859527212028],[11.441374235563586,-46.8859527212028]]],"type":"Polygon"},"id":"candidate-0048","properties":{},"type":"Feature"},{"geometry":{"coordinates":[[[-88.25831551814042,71.11449123227119],[-88.25831551814042,73.43805946158365],[-86.41142304427274,73.43805946158365],[-86.41142304427274,71.11449123227119],[-88.25831551814042,71.11449123227119]]],"type":"Polygon"},"id":"candidate-0049","properties":{},"type":"Feature"},{"geometry":{"coordinates":[[[47.89134160884345,65.45122981901525],[47.89134160884345,66.06727960368707],[50.38116951827044,66.06727960368707],[50.38116951827044,65.45122981901525],[47.89134160884345,65.45122981901525]]],"type":"Polygon"},"id":"candidate-0050","properties":{},"type":"Feature"},{"geometry":{"coordinates":[[[-17.650405539463183,-45.224180396053534],[-17.650405539463183,-43.75809279445527],[-15.503632636366486,-43.75809279445527],[-15.503632636366486,-45.224180396053534],[-17.650405539463183,-45.224180396053534]]],"type":"Polygon"},"id":"candidate-0051","properties":{},"type":"Feature"},{"geometry":{"coordinates":[[[-43.37727490812794,-27.828194309038864],[-43.37727490812794,-25.617625036411738],[-41.99044748712395,-25.617625036411738],[-41.99044748712395,-27.828194309038864],[-43.37727490812794,-27.828194309038864]]],"type":"Polygon"},"id":"candidate-0052","properties":{},"type":"Feature"},{"geometry":{"coordinates":[[[-120.6852376753324,-22.012017068535762],[-120.6852376753324,-19.837863529058858],[-119.54481510961573,-19.837863529058858],[-119.54481510961573,-22.012017068535762],[-120.6852376753324,-22.012017068535762]]],"type":"Polygon"},"id":"candidate-0053","properties":{},"type":"Feature"},{"geometry":{"coordinates":[[[-63.93648020200952,51.12382050983154],[-63.93648020200952,53.19401055107833],[-63.31666224813809,53.19401055107833],[-63.31666224813809,51.12382050983154],[-63.93648020200952,51.12382050983154]]],"type":"Polygon"},"id":"candidate-0054","properties":{},"type":"Feature"},{"geometry":{"coordinates":[[[-133.95007960199345,-26.393076074363716],[-133.95007960199345,-25.850094105795048],[-132.485822068156,-25.850094105795048],[-132.485822068156,-26.393076074363716],[-133.95007960199345,-26.393076074363716]]],"type":"Polygon"},"id":"candidate-0055","properties":{},"type":"Feature"},{"geometry":{"coordinates":[[[-60.0810608887612,38.4817153476951],[-60.0810608887612,40.269255527459094],[-57.638034383915866,40.269255527459094],[-57.638034383915866,38.4817153476951],[-60.0810608887612,38.4817153476951]]],"type":"Polygon"},"id":"candidate-0056","properties":{},"type":"Feature"},{"geometry":{"coordinates":[[[10.714360453241994,-34.50988217583018],[10.714360453241994,-32.04770429532021],[11.153215061061104,-32.04770429532021],[11.153215061061104,-34.50988217583018],[10.714360453241994,-34.50988217583018]]],"type":"Polygon"},"id":"candidate-0057","properties":{},"type":"Feature"},{"geometry":{"coordinates":[[[-80.50502268270978,14.726423904778322],[-80.50502268270978,16.984773954472935],[-78.40373651591224,16.984773954472935],[-78.40373651591224,14.726423904778322],[-80.50502268270978,14.726423904778322]]],"type":"Polygon"},"id":"candidate-0058","properties":{},"type":"Feature"},{"geometry":{"coordinates":[[[-77.21554927108049,-55.075891810425894],[-77.21554927108049,-53.20255522943014],[-75.53161785365533,-53.20255522943014],[-75.53161785365533,-55.075891810425894],[-77.21554927108049,-55.075891810425894]]],"type":"Polygon"},"id":"candidate-0059","properties":{},"type":"Feature"},{"geometry":{"coordinates":[[[-0.8060539941741743,60.80826529677102],[-0.8060539941741743,61.54490447241202],[1.0881220796899065,61.54490447241202],[1.0881220796899065,60.80826529677102],[-0.8060539941741743,60.80826529677102]]],"type":"Polygon"},"id":"candidate-0060","properties":{},"type":"Feature"},{"geometry":{"coordinates":[[[-82.16825099872669,25.601875263453582],[-82.16825099872669,27.931207757207527],[-81.3792050993754,27.931207757207527],[-81.3792050993754,25.601875263453582],[-82.16825099872669,25.601875263453582]]],"type":"Polygon"},"id":"candidate-0061","properties":{},"type":"Feature"},{"geometry":{"coordinates":[[[-69.37991544183592,-34.20731855199931],[-69.37991544183592,-33.79202824430887],[-68.80893682232181,-33.79202824430887],[-68.80893682232181,-34.20731855199931],[-69.37991544183592,-34.20731855199931]]],"type":"Polygon"},"id":"candidate-0062","properties":{},"type":"Feature"},{"geometry":{"coordinates":[[[-1.9358168266048852,-24.918943475346307],[-1.9358168266048852,-23.414683843108495],[0.26090109025467023,-23.414683843108495],[0.26090109025467023,-24.918943475346307],[-1.9358168266048852,-24.918943475346307]]],"type":"Polygon"},"id":"candidate-0063","properties":{},"type":"Feature"},{"geometry":{"coordinates":[[[9.7616045512117,31.28813030744258],[9.7616045512117,33.27272649043126],[10.636256662404879,33.27272649043126],[10.636256662404879,31.28813030744258],[9.7616045512117,31.28813030744258]]],"type":"Polygon"},"id":"candidate-0064","properties":{},"type":"Feature"},{"geometry":{"coordinates":[[[67.8514846088987,-19.071705707504915],[67.8514846088987,-18.633844719803765],[68.4131027368767,-18.633844719803765],[68.4131027368767,-19.071705707504915],[67.8514846088987,-19.071705707504915]]],"type":"Polygon"},"id":"candidate-0065","properties":{},"type":"Feature"},{"geometry":{"coordinates":[[[-21.629313951431797,67.31560468060424],[-21.629313951431797,67.9916121431812],[-21.233214572703176,67.9916121431812],[-21.233214572703176,67.31560468060424],[-21.629313951431797,67.31560468060424]]],"type":"Polygon"},"id":"candidate-0066","properties":{},"type":"Feature"},{"geometry":{"coordinates":[[[61.43429880812008,66.61914142824497],[61.43429880812008,68.93054295210013],[61.885200313481356,68.93054295210013],[61.885200313481356,66.61914142824497],[61.43429880812008,66.61914142824497]]],"type":"Polygon"},"id":"candidate-0067","properties":{},"type":"Feature"},{"geometry":{"coordinates":[[[-47.217229407539136,-9.790505184242397],[-47.217229407539136,-7.966920221359496],[-46.888849871922545,-7.966920221359496],[-46.888849871922545,-9.790505184242397],[-47.217229407539136,-9.790505184242397]]],"type":"Polygon"},"id":"candidate-0068","properties":{},"type":"Feature"},{"geometry":{"coordinates":[[[96.18597312155963,-16.458729684997927],[96.18597312155963,-14.229799198038371],[98.60523824105657,-14.229799198038371],[98.60523824105657,-16.458729684997927],[96.18597312155963,-16.458729684997927]]],"type":"Polygon"},"id":"candidate-0069","properties":{},"type":"Feature"},{"geometry":{"coordinates":[[[41.96498203980105,41.307686996324676],[41.96498203980105,43.04276276751226],[42.3120648954366,43.04276276751226],[42.3120648954366,41.307686996324676],[41.96498203980105,41.307686996324676]]],"type":"Polygon"},"id":"candidate-0070","properties":{},"type":"Feature"},{"geometry":{"coordinates":[[[-56.043505909520825,-6.562616936587104],[-56.043505909520825,-5.431388859405218],[-54.61189169222653,-5.431388859405218],[-54.61189169222653,-6.562616936587104],[-56.043505909520825,-6.562616936587104]]],"type":"Polygon"},"id":"candidate-0071","properties":{},"type":"Feature"},{"geometry":{"coordinates":[[[67.85242618885673,10.160431349115525],[67.85242618885673,11.78857558065326],[68.54280535748057,11.78857558065326],[68.54280535748057,10.160431349115525],[67.85242618885673,10.160431349115525]]],"type":"Polygon"},"id":"candidate-0072","properties":{},"type":"Feature"},{"geometry":{"coordinates":[[[-155.2737057758132,33.9553793513134],[-155.2737057758132,35.22853374364395],[-154.15061887205167,35.22853374364395],[-154.15061887205167,33.9553793513134],[-155.2737057758132,33.9553793513134]]],"type":"Polygon"},"id":"candidate-0073","properties":{},"type":"Feature"},{"geometry":{"coordinates":[[[-55.80840689023558,57.41492853535231],[-55.80840689023558,59.330994716623486],[-55.33417215108238,59.330994716623486],[-55.33417215108238,57.41492853535231],[-55.80840689023558,57.41492853535231]]],"type":"Polygon"},"id":"candidate-0074","properties":{},"type":"Feature"},{"geometry":{"coordinates":[[[-28.395576953412498,-55.17078165914956],[-28.395576953412498,-54.35284603180998],[-26.933299100647336,-54.35284603180998],[-26.933299100647336,-55.17078165914956],[-28.395576953412498,-55.17078165914956]]],"type":"Polygon"},"id":"candidate-0075","properties":{},"type":"Feature"},{"geometry":{"coordinates":[[[-43.385859884568205,-46.30608431909657],[-43.385859884568205,-44.84868207243706],[-42.90357233016563,-44.84868207243706],[-42.90357233016563,-46.30608431909657],[-43.385859884568205,-46.30608431909657]]],"type":"Polygon"},"id":"candidate-0076","properties":{},"type":"Feature"},{"geometry":{"coordinates":[[[-138.35792699683066,-23.109160063646943],[-138.35792699683066,-20.965725124029984],[-135.91067223200025,-20.965725124029984],[-135.91067223200025,-23.109160063646943],[-138.35792699683066,-23.109160063646943]]],"type":"Polygon"},"id":"candidate-0077","properties":{},"type":"Feature"},{"geometry":{"coordinates":[[[121.09646698549106,-44.32519186506928],[121.09646698549106,-43.313456389087555],[122.98487442621054,-43.313456389087555],[122.98487442621054,-44.32519186506928],[121.09646698549106,-44.32519186506928]]],"type":"Polygon"},"id":"candidate-0078","properties":{},"type":"Feature"},{"geometry":{"coordinates":[[[-51.65313780100717,-12.664010712206377],[-51.65313780100717,-12.284690924431402],[-50.890668370620695,-12.284690924431402],[-50.890668370620695,-12.664010712206377],[-51.65313780100717,-12.664010712206377]]],"type":"Polygon"},"id":"candidate-0079","properties":{},"type":"Feature"},{"geometry":{"coordinates":[[[-159.1607598158198,12.738161811381095],[-159.1607598158198,13.446626886592137],[-157.6180933919934,13.446626886592137],[-157.6180933919934,12.738161811381095],[-159.1607598158198,12.738161811381095]]],"type":"Polygon"},"id":"candidate-0080","properties":{},"type":"Feature"},{"geometry":{"coordinates":[[[26.177362276829896,3.051554273824357],[26.177362276829896,4.014195278125507],[28.57290954116918,4.014195278125507],[28.57290954116918,3.051554273824357],[26.177362276829896,3.051554273824357]]],"type":"Polygon"},"id":"candidate-0081","properties":{},"type":"Feature"},{"geometry":{"coordinates":[[[-136.9694931042141,65.98036493271664],[-136.9694931042141,66.38664939247843],[-135.46260104339422,66.38664939247843],[-135.46260104339422,65.98036493271664],[-136.9694931042141,65.98036493271664]]],"type":"Polygon"},"id":"candidate-0082","properties":{},"type":"Feature"},{"geometry":{"coordinates":[[[26.503007333865817,-20.917885091054945],[26.503007333865817,-19.209711165942007],[27.159223748540732,-19.209711165942007],[27.159223748540732,-20.917885091054945],[26.503007333865817,-20.917885091054945]]],"type":"Polygon"},"id":"candidate-0083","properties":{},"type":"Feature"},{"geometry":{"coordinates":[[[-166.77245155584893,-18.55236799461493],[-166.77245155584893,-17.973843836126914],[-164.46885379365176,-17.973843836126914],[-164.46885379365176,-18.55236799461493],[-166.77245155584893,-18.55236799461493]]],"type":"Polygon"},"id":"candidate-0084","properties":{},"type":"Feature"},{"geometry":{"coordinates":[[[-76.07969564004094,-30.33778626667611],[-76.07969564004094,-28.735874673546693],[-74.89008692003188,-28.735874673546693],[-74.89008692003188,-30.33778626667611],[-76.07969564004094,-30.33778626667611]]],"type":"Polygon"},"id":"candidate-0085","properties":{},"type":"Feature"},{"geometry":{"coordinates":[[[150.5361624744219,-9.910216564680647],[150.5361624744219,-8.127854379492197],[152.55018236648274,-8.127854379492197],[152.55018236648274,-9.910216564680647],[150.5361624744219,-9.910216564680647]]],"type":"Polygon"},"id":"candidate-0086","properties":{},"type":"Feature"},{"geometry":{"coordinates":[[[-68.25598504189465,57.0462086112541],[-68.25598504189465,59.452381481453656],[-67.38270409348316,59.452381481453656],[-67.38270409348316,57.0462086112541],[-68.25598504189465,57.0462086112541]]],"type":"Polygon"},"id":"candidate-0087","properties":{},"type":"Feature"},{"geometry":{"coordinates":[[[-147.1480762325035,56.206383040883146],[-147.1480762325035,57.324276219720524],[-144.7941042014274,57.324276219720524],[-144.7941042014274,56.206383040883146],[-147.1480762325035,56.206383040883146]]],"type":"Polygon"},"id":"candidate-0088","properties":{},"type":"Feature"},{"geometry":{"coordinates":[[[-157.47666577064797,-39.84422833659278],[-157.47666577064797,-39.230275144682466],[-156.52662148464788,-39.230275144682466],[-156.52662148464788,-39.84422833659278],[-157.47666577064797,-39.84422833659278]]],"type":"Polygon"},"id":"candidate-0089","properties":{},"type":"Feature"},{"geometry":{"coordinates":[[[141.2182900454879,-46.48272788006961],[141.2182900454879,-45.60071015410332],[143.29173744560154,-45.60071015410332],[143.29173744560154,-46.48272788006961],[141.2182900454879,-46.48272788006961]]],"type":"Polygon"},"id":"candidate-0090","properties":{},"type":"Feature"},{"geometry":{"coordinates":[[[168.98607477396007,21.325006795285123],[168.98607477396007,23.205073906954834],[170.93150846998395,23.205073906954834],[170.93150846998395,21.325006795285123],[168.98607477396007,21.325006795285123]]],"type":"Polygon"},"id":"candidate-0091","properties":{},"type":"Feature"},{"geometry":{"coordinates":[[[139.00673512798764,33.325412034935795],[139.00673512798764,34.47358464008573],[139.97563123497824,34.47358464008573],[139.97563123497824,33.325412034935795],[139.00673512798764,33.325412034935795]]],"type":"Polygon"},"id":"candidate-0092","properties":{},"type":"Feature"},{"geometry":{"coordinates":[[[53.069430335245926,58.87024129405335],[53.069430335245926,60.43419589553458],[54.30898495373751,60.43419589553458],[54.30898495373751,58.87024129405335],[53.069430335245926,58.87024129405335]]],"type":"Polygon"},"id":"candidate-0093","properties":{},"type":"Feature"},{"geometry":{"coordinates":[[[-54.46507846479173,53.07064943151071],[-54.46507846479173,53.53749642275206],[-53.07745399254685,53.53749642275206],[-53.07745399254685,53.07064943151071],[-54.46507846479173,53.07064943151071]]],"type":"Polygon"},"id":"candidate-0094","properties":{},"type":"Feature"},{"geometry":{"coordinates":[[[0.1745052025010908,-24.09805408914801],[0.1745052025010908,-23.33830641594111],[1.9664281541594915,-23.33830641594111],[1.9664281541594915,-24.09805408914801],[0.1745052025010908,-24.09805408914801]]],"type":"Polygon"},"id":"candidate-0095","properties":{},"type":"Feature"},{"geometry":{"coordinates":[[[124.75731552951234,38.28342621520746],[124.75731552951234,38.796863866644834],[127.16296446364058,38.796863866644834],[127.16296446364058,38.28342621520746],[124.75731552951234,38.28342621520746]]],"type":"Polygon"},"id":"candidate-0096","properties":{},"type":"Feature"},{"geometry":{"coordinates":[[[118.36997705807191,2.490830716452462],[118.36997705807191,3.343881807271233],[118.87408017648234,3.343881807271233],[118.87408017648234,2.490830716452462],[118.36997705807191,2.490830716452462]]],"type":"Polygon"},"id":"candidate-0097","properties":{},"type":"Feature"},{"geometry":{"coordinates":[[[-51.366257231167836,29.077964871620168],[-51.366257231167836,30.620489422396275],[-50.264865737756864,30.620489422396275],[-50.264865737756864,29.077964871620168],[-51.366257231167836,29.077964871620168]]],"type":"Polygon"},"id":"candidate-0098","properties":{},"type":"Feature"},{"geometry":{"coordinates":[[[-58.80283558241962,-48.921372366394316],[-58.80283558241962,-47.29265530152167],[-57.66764719732811,-47.29265530152167],[-57.66764719732811,-48.921372366394316],[-58.80283558241962,-48.921372366394316]]],"type":"Polygon"},"id":"candidate-0099","properties":{},"type":"Feature"},{"geometry":{"coordinates":[[[108.54998354463213,-34.4899567041799],[108.54998354463213,-32.627829979823176],[110.59145528896387,-32.627829979823176],[110.59145528896387,-34.4899567041799],[108.54998354463213,-34.4899567041799]]],"type":"Polygon"},"id":"candidate-0100","properties":{},"type":"Feature"},{"geometry":{"coordinates":[[[11.592736541015272,60.54894305658182],[11.592736541015272,60.948948684246986],[13.348211464669403,60.948948684246986],[13.348211464669403,60.54894305658182],[11.592736541015272,60.54894305658182]]],"type":"Polygon"},"id":"candidate-0101","properties":{},"type":"Feature"},{"geometry":{"coordinates":[[[76.92663502704012,-48.616250752345216],[76.92663502704012,-46.805126353080105],[77.38952652907436,-46.805126353080105],[77.38952652907436,-48.616250752345216],[76.92663502704012,-48.616250752345216]]],"type":"Polygon"},"id":"candidate-0102","properties":{},"type":"Feature"},{"geometry":{"coordinates":[[[51.09042700876834,37.60430734233279],[51.09042700876834,38.158399464799004],[52.20165319875647,38.158399464799004],[52.20165319875647,37.60430734233279],[51.09042700876834,37.60430734233279]]],"type":"Polygon"},"id":"candidate-0103","properties":{},"type":"Feature"},{"geometry":{"coordinates":[[[-67.94307072259966,-39.03410480394634],[-67.94307072259966,-36.576557042473645],[-66.41399974681485,-36.576557042473645],[-66.41399974681485,-39.03410480394634],[-67.94307072259966,-39.03410480394634]]],"type":"Polygon"},"id":"candidate-0104","properties":{},"type":"Feature"},{"geometry":{"coordinates":[[[59.305799836519896,-11.147389498363491],[59.305799836519896,-9.507075885549103],[59.914204011966376,-9.507075885549103],[59.914204011966376,-11.147389498363491],[59.305799836519896,-11.147389498363491]]],"type":"Polygon"},"id":"candidate-0105","properties":{},"type":"Feature"},{"geometry":{"coordinates":[[[97.81414095371748,17.909169563000827],[97.81414095371748,18.834663594187365],[99.97203524530913,18.834663594187365],[99.97203524530913,17.909169563000827],[97.81414095371748,17.909169563000827]]],"type":"Polygon"},"id":"candidate-0106","properties":{},"type":"Feature"},{"geometry":{"coordinates":[[[-85.08634622481237,-48.715007736142915],[-85.08634622481237,-47.475162529307916],[-83.825587762566,-47.475162529307916],[-83.825587762566,-48.715007736142915],[-85.08634622481237,-48.715007736142915]]],"type":"Polygon"},"id":"candidate-0107","properties":{},"type":"Feature"},{"geometry":{"coordinates":[[[112.52370677033547,28.799520209172112],[112.52370677033547,30.419514381523374],[113.66761749206456,30.419514381523374],[113.66761749206456,28.799520209172112],[112.52370677033547,28.799520209172112]]],"type":"Polygon"},"id":"candidate-0108","properties":{},"type":"Feature"},{"geometry":{"coordinates":[[[-87.96323951092533,-15.037441704952284],[-87.96323951092533,-13.634787760604299],[-86.32364990329025,-13.634787760604299],[-86.32364990329025,-15.037441704952284],[-87.96323951092533,-15.037441704952284]]],"type":"Polygon"},"id":"candidate-0109","properties":{},"type":"Feature"},{"geometry":{"coordinates":[[[-77.37926027408123,0.8735229794201671],[-77.37926027408123,2.0513511044950037],[-75.48417541404619,2.0513511044950037],[-75.48417541404619,0.8735229794201671],[-77.37926027408123,0.8735229794201671]]],"type":"Polygon"},"id":"candidate-0110","properties":{},"type":"Feature"},{"geometry":{"coordinates":[[[43.77004176214547,-9.591194996367957],[43.77004176214547,-8.103258868978774],[45.69941113342145,-8.103258868978774],[45.69941113342145,-9.591194996367957],[43.77004176214547,-9.591194996367957]]],"type":"Polygon"},"id":"candidate-0111","properties":{},"type":"Feature"},{"geometry":{"coordinates":[[[43.48581793269016,71.62034988649074],[43.48581793269016,72.56809527574654],[44.5508705950698,72.56809527574654],[44.5508705950698,71.62034988649074],[43.48581793269016,71.62034988649074]]],"type":"Polygon"},"id":"candidate-0112","properties":{},"type":"Feature"},{"geometry":{"coordinates":[[[104.03729033738881,67.73337168654794],[104.03729033738881,69.64825005918036],[104.63355354117385,69.64825005918036],[104.63355354117385,67.73337168654794],[104.03729033738881,67.73337168654794]]],"type":"Polygon"},"id":"candidate-0113","properties":{},"type":"Feature"},{"geometry":{"coordinates":[[[-74.44308068262426,3.881203272849303],[-74.44308068262426,4.775069820814568],[-72.03133661579729,4.775069820814568],[-72.03133661579729,3.881203272849303],[-74.44308068262426,3.881203272849303]]],"type":"Polygon"},"id":"candidate-0114","properties":{},"type":"Feature"},{"geometry":{"coordinates":[[[-69.75545401098528,2.3270181953714992],[-69.75545401098528,2.6486914761555713],[-67.2665349169453,2.6486914761555713],[-67.2665349169453,2.3270181953714992],[-69.75545401098528,2.3270181953714992]]],"type":"Polygon"},"id":"candidate-0115","properties":{},"type":"Feature"},{"geometry":{"coordinates":[[[157.3514764759738,2.9845893487000787],[157.3514764759738,3.866683661969352],[158.8918164528805,3.866683661969352],[158.8918164528805,2.9845893487000787],[157.3514764759738,2.9845893487000787]]],"type":"Polygon"},"id":"candidate-0116","properties":{},"type":"Feature"},{"geometry":{"coordinates":[[[63.463359956391265,-42.20077239146695],[63.463359956391265,-39.74084441568113],[64.13375749123347,-39.74084441568113],[64.13375749123347,-42.20077239146695],[63.463359956391265,-42.20077239146695]]],"type":"Polygon"},"id":"candidate-0117","properties":{},"type":"Feature"},{"geometry":{"coordinates":[[[168.0617782089985,71.5025747327257],[168.0617782089985,72.06176601972662],[168.92519794601148,72.06176601972662],[168.92519794601148,71.5025747327257],[168.0617782089985,71.5025747327257]]],"type":"Polygon"},"id":"candidate-0118","properties":{},"type":"Feature"},{"geometry":{"coordinates":[[[-123.88522412007651,-25.48034081761351],[-123.88522412007651,-24.391896960796828],[-122.24451555953002,-24.391896960796828],[-122.24451555953002,-25.48034081761351],[-123.88522412007651,-25.48034081761351]]],"type":"Polygon"},"id":"candidate-0119","properties":{},"type":"Feature"},{"geometry":{"coordinates":[[[82.43666660305945,-10.289584027576788],[82.43666660305945,-8.582213822482464],[84.44565930098787,-8.582213822482464],[84.44565930098787,-10.289584027576788],[82.43666660305945,-10.289584027576788]]],"type":"Polygon"},"id":"candidate-0120","properties":{},"type":"Feature"},{"geometry":{"coordinates":[[[-136.4179027266208,-44.71258395117654],[-136.4179027266208,-44.282018762582624],[-135.32489329668545,-44.282018762582624],[-135.32489329668545,-44.71258395117654],[-136.4179027266208,-44.71258395117654]]],"type":"Polygon"},"id":"candidate-0121","properties":{},"type":"Feature"},{"geometry":{"coordinates":[[[57.276837523475955,-23.466844977052393],[57.276837523475955,-22.95755168124393],[58.80636427674248,-22.95755168124393],[58.80636427674248,-23.466844977052393],[57.276837523475955,-23.466844977052393]]],"type":"Polygon"},"id":"candidate-0122","properties":{},"type":"Feature"},{"geometry":{"coordinates":[[[-115.53004930151245,7.0898824866802785],[-115.53004930151245,9.489127045723082],[-114.83513049130234,9.489127045723082],[-114.83513049130234,7.0898824866802785],[-115.53004930151245,7.0898824866802785]]],"type":"Polygon"},"id":"candidate-0123","properties":{},"type":"Feature"},{"geometry":{"coordinates":[[[129.8126228091468,60.28474392500835],[129.8126228091468,62.22982974259366],[130.77468316755662,62.22982974259366],[130.77468316755662,60.28474392500835],[129.8126228091468,60.28474392500835]]],"type":"Polygon"},"id":"candidate-0124","properties":{},"type":"Feature"},{"geometry":{"coordinates":[[[-83.3507200169014,4.779476202841727],[-83.3507200169014,6.484463358342844],[-83.03750417234592,6.484463358342844],[-83.03750417234592,4.779476202841727],[-83.3507200169014,4.779476202841727]]],"type":"Polygon"},"id":"candidate-0125","properties":{},"type":"Feature"},{"geometry":{"coordinates":[[[94.93445978630078,25.817202629629563],[94.93445978630078,27.22200073786827],[95.41565968653148,27.22200073786827],[95.41565968653148,25.817202629629563],[94.93445978630078,25.817202629629563]]],"type":"Polygon"},"id":"candidate-0126","properties":{},"type":"Feature"},{"geometry":{"coordinates":[[[101.34771180405347,-47.28852517069984],[101.34771180405347,-45.52392405324548],[102.61037498516315,-45.52392405324548],[102.61037498516315,-47.28852517069984],[101.34771180405347,-47.28852517069984]]],"type":"Polygon"},"id":"candidate-0127","properties":{},"type":"Feature"},{"geometry":{"coordinates":[[[-99.18858338364738,50.459883334644665],[-99.18858338364738,51.206090133889155],[-97.5030447934579,51.206090133889155],[-97.5030447934579,50.459883334644665],[-99.18858338364738,50.459883334644665]]],"type":"Polygon"},"id":"candidate-0128","properties":{},"type":"Feature"},{"geometry":{"coordinates":[[[-120.18172704644843,70.09827201520163],[-120.18172704644843,72.06588826552583],[-118.15112987255196,72.06588826552583],[-118.15112987255196,70.09827201520163],[-120.18172704644843,70.09827201520163]]],"type":"Polygon"},"id":"candidate-0129","properties":{},"type":"Feature"},{"geometry":{"coordinates":[[[-0.8106851576719609,61.28328866693402],[-0.8106851576719609,61.70514208836776],[1.479343213072119,61.70514208836776],[1.479343213072119,61.28328866693402],[-0.8106851576719609,61.28328866693402]]],"type":"Polygon"},"id":"candidate-0130","properties":{},"type":"Feature"},{"geometry":{"coordinates":[[[38.17039778971893,-23.062044863047316],[38.17039778971893,-20.9271829282813],[40.538841438370824,-20.9271829282813],[40.538841438370824,-23.062044863047316],[38.17039778971893,-23.062044863047316]]],"type":"Polygon"},"id":"candidate-0131","properties":{},"type":"Feature"},{"geometry":{"coordinates":[[[-15.84099412123714,25.328825486039424],[-15.84099412123714,25.870320100506486],[-13.516819556679826,25.870320100506486],[-13.516819556679826,25.328825486039424],[-15.84099412123714,25.328825486039424]]],"type":"Polygon"},"id":"candidate-0132","properties":{},"type":"Feature"},{"geometry":{"coordinates":[[[-95.10658664209082,-28.93120683825668],[-95.10658664209082,-26.916185426523743],[-92.73768782753088,-26.916185426523743],[-92.73768782753088,-28.93120683825668],[-95.10658664209082,-28.93120683825668]]],"type":"Polygon"},"id":"candidate-0133","properties":{},"type":"Feature"},{"geometry":{"coordinates":[[[20.755269385318776,57.67476949743992],[20.755269385318776,58.324337181362004],[22.133670295996545,58.324337181362004],[22.133670295996545,57.67476949743992],[20.755269385318776,57.67476949743992]]],"type":"Polygon"},"id":"candidate-0134","properties":{},"type":"Feature"},{"geometry":{"coordinates":[[[153.03285403175803,68.80882280546109],[153.03285403175803,69.94068631190495],[154.94662342826493,69.94068631190495],[154.94662342826493,68.80882280546109],[153.03285403175803,68.80882280546109]]],"type":"Polygon"},"id":"candidate-0135","properties":{},"type":"Feature"},{"geometry":{"coordinates":[[[51.99344496140909,35.176671824106066],[51.99344496140909,35.687958251353606],[52.99138177979072,35.687958251353606],[52.99138177979072,35.176671824106066],[51.99344496140909,35.176671824106066]]],"type":"Polygon"},"id":"candidate-0136","properties":{},"type":"Feature"},{"geometry":{"coordinates":[[[164.77997628804593,74.36995337815259],[164.77997628804593,75.37033786246539],[165.71600479316947,75.37033786246539],[165.71600479316947,74.36995337815259],[164.77997628804593,74.36995337815259]]],"type":"Polygon"},"id":"candidate-0137","properties":{},"type":"Feature"},{"geometry":{"coordinates":[[[-83.99053341216992,36.981328347752175],[-83.99053341216992,37.917249390311376],[-83.39457284404614,37.917249390311376],[-83.39457284404614,36.981328347752175],[-83.99053341216992,36.981328347752175]]],"type":"Polygon"},"id":"candidate-0138","properties":{},"type":"Feature"},{"geometry":{"coordinates":[[[141.66453337599967,34.29765399027692],[141.66453337599967,36.5506217778451],[142.6835845169154,36.5506217778451],[142.6835845169154,34.29765399027692],[141.66453337599967,34.29765399027692]]],"type":"Polygon"},"id":"candidate-0139","properties":{},"type":"Feature"},{"geometry":{"coordinates":[[[69.00553211481726,5.596957229387465],[69.00553211481726,6.8142788097500695],[70.07521519905372,6.8142788097500695],[70.07521519905372,5.596957229387465],[69.00553211481726,5.596957229387465]]],"type":"Polygon"},"id":"candidate-0140","properties":{},"type":"Feature"},{"geometry":{"coordinates":[[[96.16048460191905,-50.54676918953407],[96.16048460191905,-48.98120515936194],[97.59204447716002,-48.98120515936194],[97.59204447716002,-50.54676918953407],[96.16048460191905,-50.54676918953407]]],"type":"Polygon"},"id":"candidate-0141","properties":{},"type":"Feature"},{"geometry":{"coordinates":[[[-39.733231049719905,-8.697016636637763],[-39.733231049719905,-7.801892832017508],[-38.10924812615656,-7.801892832017508],[-38.10924812615656,-8.697016636637763],[-39.733231049719905,-8.697016636637763]]],"type":"Polygon"},"id":"candidate-0142","properties":{},"type":"Feature"},{"geometry":{"coordinates":[[[-65.83888789080429,29.677010357954252],[-65.83888789080429,30.298849804910425],[-63.67638405122904,30.298849804910425],[-63.67638405122904,29.677010357954252],[-65.83888789080429,29.677010357954252]]],"type":"Polygon"},"id":"candidate-0143","properties":{},"type":"Feature"},{"geometry":{"coordinates":[[[-119.46345376346967,-15.700640500724777],[-119.46345376346967,-15.265961029001115],[-117.08985352366476,-15.265961029001115],[-117.08985352366476,-15.700640500724777],[-119.46345376346967,-15.700640500724777]]],"type":"Polygon"},"id":"candidate-0144","properties":{},"type":"Feature"},{"geometry":{"coordinates":[[[122.99482123028076,60.540717245992305],[122.99482123028076,62.41271733156919],[124.45522793426699,62.41271733156919],[124.45522793426699,60.540717245992305],[122.99482123028076,60.540717245992305]]],"type":"Polygon"},"id":"candidate-0145","properties":{},"type":"Feature"},{"geometry":{"coordinates":[[[-149.21227677894913,15.919228849137275],[-149.21227677894913,18.236576707355066],[-148.38005026854123,18.236576707355066],[-148.38005026854123,15.919228849137275],[-149.21227677894913,15.919228849137275]]],"type":"Polygon"},"id":"candidate-0146","properties":{},"type":"Feature"},{"geometry":{"coordinates":[[[151.25665751246063,27.465570060253953],[151.25665751246063,28.703009010933243],[152.80020571075087,28.703009010933243],[152.80020571075087,27.465570060253953],[151.25665751246063,27.465570060253953]]],"type":"Polygon"},"id":"candidate-0147","properties":{},"type":"Feature"},{"geometry":{"coordinates":[[[162.60946143231823,52.583599728485694],[162.60946143231823,54.249532512130145],[164.1508498428545,54.249532512130145],[164.1508498428545,52.583599728485694],[162.60946143231823,52.583599728485694]]],"type":"Polygon"},"id":"candidate-0148","properties":{},"type":"Feature"},{"geometry":{"coordinates":[[[-54.649077381958925,0.11907718047106886],[-54.649077381958925,1.9738992614643938],[-53.137214750882045,1.9738992614643938],[-53.137214750882045,0.11907718047106886],[-54.649077381958925,0.11907718047106886]]],"type":"Polygon"},"id":"candidate-0149","properties":{},"type":"Feature"},{"geometry":{"coordinates":[[[-115.46166642591503,44.407348283246954],[-115.46166642591503,46.3478265487039],[-113.64883253597095,46.3478265487039],[-113.64883253597095,44.407348283246954],[-115.46166642591503,44.407348283246954]]],"type":"Polygon"},"id":"candidate-0150","properties":{},"type":"Feature"},{"geometry":{"coordinates":[[[-6.211897330523458,54.01257918436645],[-6.211897330523458,56.23050983756075],[-4.965924488084751,56.23050983756075],[-4.965924488084751,54.01257918436645],[-6.211897330523458,54.01257918436645]]],"type":"Polygon"},"id":"candidate-0151","properties":{},"type":"Feature"},{"geometry":{"coordinates":[[[122.48268686266563,48.47728483071487],[122.48268686266563,50.323902989912305],[123.26147846277631,50.323902989912305],[123.26147846277631,48.47728483071487],[122.48268686266563,48.47728483071487]]],"type":"Polygon"},"id":"candidate-0152","properties":{},"type":"Feature"},{"geometry":{"coordinates":[[[16.075340901991673,67.806126188639],[16.075340901991673,69.57906980982871],[17.36402338139478,69.57906980982871],[17.36402338139478,67.806126188639],[16.075340901991673,67.806126188639]]],"type":"Polygon"},"id":"candidate-0153","properties":{},"type":"Feature"},{"geometry":{"coordinates":[[[-0.853239333409453,58.269474572829154],[-0.853239333409453,60.25687507118528],[1.5118221878176763,60.25687507118528],[1.5118221878176763,58.269474572829154],[-0.853239333409453,58.269474572829154]]],"type":"Polygon"},"id":"candidate-0154","properties":{},"type":"Feature"},{"geometry":{"coordinates":[[[-36.309026695670546,62.60271608862504],[-36.309026695670546,63.13663463339072],[-35.824247549641576,63.13663463339072],[-35.824247549641576,62.60271608862504],[-36.309026695670546,62.60271608862504]]],"type":"Polygon"},"id":"candidate-0155","properties":{},"type":"Feature"},{"geometry":{"coordinates":[[[-84.97447621543469,-42.60291371908073],[-84.97447621543469,-40.40745517644581],[-82.55366122971898,-40.40745517644581],[-82.55366122971898,-42.60291371908073],[-84.97447621543469,-42.60291371908073]]],"type":"Polygon"},"id":"candidate-0156","properties":{},"type":"Feature"},{"geometry":{"coordinates":[[[140.86022232955247,63.77228349079395],[140.86022232955247,65.06831052548928],[142.8034112635139,65.06831052548928],[142.8034112635139,63.77228349079395],[140.86022232955247,63.77228349079395]]],"type":"Polygon"},"id":"candidate-0157","properties":{},"type":"Feature"},{"geometry":{"coordinates":[[[35.07716223718755,-2.898262560747433],[35.07716223718755,-2.122534033196182],[36.05202340204467,-2.122534033196182],[36.05202340204467,-2.898262560747433],[35.07716223718755,-2.898262560747433]]],"type":"Polygon"},"id":"candidate-0158","properties":{},"type":"Feature"},{"geometry":{"coordinates":[[[56.4605327525784,73.26982335302901],[56.4605327525784,74.92982436172039],[57.87258726131357,74.92982436172039],[57.87258726131357,73.26982335302901],[56.4605327525784,73.26982335302901]]],"type":"Polygon"},"id":"candidate-0159","properties":{},"type":"Feature"},{"geometry":{"coordinates":[[[-4.951276025352668,3.0570507842559946],[-4.951276025352668,4.315863292285042],[-4.549586825885982,4.315863292285042],[-4.549586825885982,3.0570507842559946],[-4.951276025352668,3.0570507842559946]]],"type":"Polygon"},"id":"candidate-0160","properties":{},"type":"Feature"},{"geometry":{"coordinates":[[[-158.59317719727738,59.33909844742045],[-158.59317719727738,60.28045099635636],[-157.27478011644132,60.28045099635636],[-157.27478011644132,59.33909844742045],[-158.59317719727738,59.33909844742045]]],"type":"Polygon"},"id":"candidate-0161","properties":{},"type":"Feature"},{"geometry":{"coordinates":[[[144.14081804411197,60.4848922794513],[144.14081804411197,60.88905747761841],[145.33731812394623,60.88905747761841],[145.33731812394623,60.4848922794513],[144.14081804411197,60.4848922794513]]],"type":"Polygon"},"id":"candidate-0162","properties":{},"type":"Feature"},{"geometry":{"coordinates":[[[154.1173272244562,66.82975505790331],[154.1173272244562,67.75920993895575],[154.6706095652357,67.75920993895575],[154.6706095652357,66.82975505790331],[154.1173272244562,66.82975505790331]]],"type":"Polygon"},"id":"candidate-0163","properties":{},"type":"Feature"},{"geometry":{"coordinates":[[[146.2083363472361,-52.520938506634195],[146.2083363472361,-51.53998751479729],[148.69555587073833,-51.53998751479729],[148.69555587073833,-52.520938506634195],[146.2083363472361,-52.520938506634195]]],"type":"Polygon"},"id":"candidate-0164","properties":{},"type":"Feature"},{"geometry":{"coordinates":[[[-56.7228692125059,54.34045746748224],[-56.7228692125059,54.77466409624394],[-55.899134972215464,54.77466409624394],[-55.899134972215464,54.34045746748224],[-56.7228692125059,54.34045746748224]]],"type":"Polygon"},"id":"candidate-0165","properties":{},"type":"Feature"},{"geometry":{"coordinates":[[[163.6660006839378,35.508231847488176],[163.6660006839378,37.053475883467414],[164.43736739876783,37.053475883467414],[164.43736739876783,35.508231847488176],[163.6660006839378,35.508231847488176]]],"type":"Polygon"},"id":"candidate-0166","properties":{},"type":"Feature"},{"geometry":{"coordinates":[[[78.83208680096247,0.3198732520937897],[78.83208680096247,1.3581665313853035],[79.9001599578498,1.3581665313853035],[79.9001599578498,0.3198732520937897],[78.83208680096247,0.3198732520937897]]],"type":"Polygon"},"id":"candidate-0167","properties":{},"type":"Feature"},{"geometry":{"coordinates":[[[-149.53699593994506,-52.97742489960655],[-149.53699593994506,-51.6430789785809],[-147.13252798558133,-51.6430789785809],[-147.13252798558133,-52.97742489960655],[-149.53699593994506,-52.97742489960655]]],"type":"Polygon"},"id":"candidate-0168","properties":{},"type":"Feature"},{"geometry":{"coordinates":[[[77.1160556616292,-25.591991016409963],[77.1160556616292,-24.693204584554685],[77.43502429195662,-24.693204584554685],[77.43502429195662,-25.591991016409963],[77.1160556616292,-25.591991016409963]]],"type":"Polygon"},"id":"candidate-0169","properties":{},"type":"Feature"},{"geometry":{"coordinates":[[[-21.472673326314766,52.87140413724574],[-21.472673326314766,53.73380995735116],[-20.688935367091727,53.73380995735116],[-20.688935367091727,52.87140413724574],[-21.472673326314766,52.87140413724574]]],"type":"Polygon"},"id":"candidate-0170","properties":{},"type":"Feature"},{"geometry":{"coordinates":[[[85.59363061203052,19.804569284230595],[85.59363061203052,22.00093535811463],[87.1938966058041,22.00093535811463],[87.1938966058041,19.804569284230595],[85.59363061203052,19.804569284230595]]],"type":"Polygon"},"id":"candidate-0171","properties":{},"type":"Feature"},{"geometry":{"coordinates":[[[146.13058523098545,49.90781312391543],[146.13058523098545,51.00938641260963],[147.4692187732034,51.00938641260963],[147.4692187732034,49.90781312391543],[146.13058523098545,49.90781312391543]]],"type":"Polygon"},"id":"candidate-0172","properties":{},"type":"Feature"},{"geometry":{"coordinates":[[[-86.83147161709344,48.719862228916554],[-86.83147161709344,50.59703971356976],[-85.27314894584792,50.59703971356976],[-85.27314894584792,48.719862228916554],[-86.83147161709344,48.719862228916554]]],"type":"Polygon"},"id":"candidate-0173","properties":{},"type":"Feature"},{"geometry":{"coordinates":[[[-52.030888376848026,17.556059422950337],[-52.030888376848026,18.210648358906045],[-51.6044300717096,18.210648358906045],[-51.6044300717096,17.556059422950337],[-52.030888376848026,17.556059422950337]]],"type":"Polygon"},"id":"candidate-0174","properties":{},"type":"Feature"},{"geometry":{"coordinates":[[[33.44639988093653,56.3116456467882],[33.44639988093653,57.860607166487746],[34.469977731663015,57.860607166487746],[34.469977731663015,56.3116456467882],[33.44639988093653,56.3116456467882]]],"type":"Polygon"},"id":"candidate-0175","properties":{},"type":"Feature"},{"geometry":{"coordinates":[[[-132.51402092846115,0.8226474937809414],[-132.51402092846115,2.069707767587751],[-130.99262464615174,2.069707767587751],[-130.99262464615174,0.8226474937809414],[-132.51402092846115,0.8226474937809414]]],"type":"Polygon"},"id":"candidate-0176","properties":{},"type":"Feature"},{"geometry":{"coordinates":[[[128.36031364570695,12.119783046460007],[128.36031364570695,14.325857613396785],[129.94162383347097,14.325857613396785],[129.94162383347097,12.119783046460007],[128.36031364570695,12.119783046460007]]],"type":"Polygon"},"id":"candidate-0177","properties":{},"type":"Feature"},{"geometry":{"coordinates":[[[81.52212186983817,-36.46491097089735],[81.52212186983817,-34.716776286862014],[83.12519734933053,-34.716776286862014],[83.12519734933053,-36.46491097089735],[81.52212186983817,-36.46491097089735]]],"type":"Polygon"},"id":"candidate-0178","properties":{},"type":"Feature"},{"geometry":{"coordinates":[[[-120.61693751933382,-47.357465377070184],[-120.61693751933382,-46.38056793670998],[-118.59459150949715,-46.38056793670998],[-118.59459150949715,-47.357465377070184],[-120.61693751933382,-47.357465377070184]]],"type":"Polygon"},"id":"candidate-0179","properties":{},"type":"Feature"},{"geometry":{"coordinates":[[[-2.10509172348672,-18.957446391227702],[-2.10509172348672,-16.77032936052196],[0.1756554062412592,-16.77032936052196],[0.1756554062412592,-18.957446391227702],[-2.10509172348672,-18.957446391227702]]],"type":"Polygon"},"id":"candidate-0180","properties":{},"type":"Feature"},{"geometry":{"coordinates":[[[-111.69008904385959,20.86198937104585],[-111.69008904385959,21.200945783189653],[-109.94061266065012,21.200945783189653],[-109.94061266065012,20.86198937104585],[-111.69008904385959,20.86198937104585]]],"type":"Polygon"},"id":"candidate-0181","properties":{},"type":"Feature"},{"geometry":{"coordinates":[[[-71.11437490407128,-49.394339444681876],[-71.11437490407128,-47.85613707824665],[-69.51550866938895,-47.85613707824665],[-69.51550866938895,-49.394339444681876],[-71.11437490407128,-49.394339444681876]]],"type":"Polygon"},"id":"candidate-0182","properties":{},"type":"Feature"},{"geometry":{"coordinates":[[[155.5538598360656,44.48921383044517],[155.5538598360656,45.199949300432145],[156.64814875734328,45.199949300432145],[156.64814875734328,44.48921383044517],[155.5538598360656,44.48921383044517]]],"type":"Polygon"},"id":"candidate-0183","properties":{},"type":"Feature"},{"geometry":{"coordinates":[[[-54.785299605317284,-53.38072909704791],[-54.785299605317284,-51.78586530954936],[-52.75398318116134,-51.78586530954936],[-52.75398318116134,-53.38072909704791],[-54.785299605317284,-53.38072909704791]]],"type":"Polygon"},"id":"candidate-0184","properties":{},"type":"Feature"},{"geometry":{"coordinates":[[[-14.85681120519492,74.05330284830991],[-14.85681120519492,74.42307103203449],[-14.116000955143232,74.42307103203449],[-14.116000955143232,74.05330284830991],[-14.85681120519492,74.05330284830991]]],"type":"Polygon"},"id":"candidate-0185","properties":{},"type":"Feature"},{"geometry":{"coordinates":[[[166.30335669545514,-40.39263852542511],[166.30335669545514,-38.22820942196542],[168.0866017335328,-38.22820942196542],[168.0866017335328,-40.39263852542511],[166.30335669545514,-40.39263852542511]]],"type":"Polygon"},"id":"candidate-0186","properties":{},"type":"Feature"},{"geometry":{"coordinates":[[[16.54956392027483,41.93136822547381],[16.54956392027483,42.38125542765719],[17.895044760050528,42.38125542765719],[17.895044760050528,41.93136822547381],[16.54956392027483,41.93136822547381]]],"type":"Polygon"},"id":"candidate-0187","properties":{},"type":"Feature"},{"geometry":{"coordinates":[[[120.13938814230502,19.87127410658954],[120.13938814230502,22.06844199680748],[121.46769829101336,22.06844199680748],[121.46769829101336,19.87127410658954],[120.13938814230502,19.87127410658954]]],"type":"Polygon"},"id":"candidate-0188","properties":{},"type":"Feature"},{"geometry":{"coordinates":[[[-44.856086248273684,48.038903792821074],[-44.856086248273684,49.61609056833315],[-44.508070205527886,49.61609056833315],[-44.508070205527886,48.038903792821074],[-44.856086248273684,48.038903792821074]]],"type":"Polygon"},"id":"candidate-0189","properties":{},"type":"Feature"},{"geometry":{"coordinates":[[[2.9794995099785444,-30.06740224457846],[2.9794995099785444,-29.24477129674689],[4.3116518838313675,-29.24477129674689],[4.3116518838313675,-30.06740224457846],[2.9794995099785444,-30.06740224457846]]],"type":"Polygon"},"id":"candidate-0190","properties":{},"type":"Feature"},{"geometry":{"coordinates":[[[-84.16935876482194,54.81790576115356],[-84.16935876482194,55.56228743709388],[-82.08059019380732,55.56228743709388],[-82.08059019380732,54.81790576115356],[-84.16935876482194,54.81790576115356]]],"type":"Polygon"},"id":"candidate-0191","properties":{},"type":"Feature"},{"geometry":{"coordinates":[[[145.34927370973602,-24.298119673355256],[145.34927370973602,-23.530201261525267],[145.70851671604285,-23.530201261525267],[145.70851671604285,-24.298119673355256],[145.34927370973602,-24.298119673355256]]],"type":"Polygon"},"id":"candidate-0192","properties":{},"type":"Feature"},{"geometry":{"coordinates":[[[21.74366771003697,-37.90067316052141],[21.74366771003697,-36.75005535442379],[23.948616282420677,-36.75005535442379],[23.948616282420677,-37.90067316052141],[21.74366771003697,-37.90067316052141]]],"type":"Polygon"},"id":"candidate-0193","properties":{},"type":"Feature"},{"geometry":{"coordinates":[[[-112.7644154970833,28.367018929816055],[-112.7644154970833,29.067318893095802],[-110.91137223111288,29.067318893095802],[-110.91137223111288,28.367018929816055],[-112.7644154970833,28.367018929816055]]],"type":"Polygon"},"id":"candidate-0194","properties":{},"type":"Feature"},{"geometry":{"coordinates":[[[-129.78695546659623,63.49642219284119],[-129.78695546659623,63.85672663519593],[-128.5094249353926,63.85672663519593],[-128.5094249353926,63.49642219284119],[-129.78695546659623,63.49642219284119]]],"type":"Polygon"},"id":"candidate-0195","properties":{},"type":"Feature"},{"geometry":{"coordinates":[[[93.67103755150033,29.04286029993962],[93.67103755150033,31.073123211658853],[95.04863182972922,31.073123211658853],[95.04863182972922,29.04286029993962],[93.67103755150033,29.04286029993962]]],"type":"Polygon"},"id":"candidate-0196","properties":{},"type":"Feature"},{"geometry":{"coordinates":[[[53.785353323541784,-20.31631329163997],[53.785353323541784,-19.45173855804038],[54.19456471161848,-19.45173855804038],[54.19456471161848,-20.31631329163997],[53.785353323541784,-20.31631329163997]]],"type":"Polygon"},"id":"candidate-0197","properties":{},"type":"Feature"},{"geometry":{"coordinates":[[[-122.62207850401533,9.327218338447056],[-122.62207850401533,11.040099856502065],[-120.89316305575603,11.040099856502065],[-120.89316305575603,9.327218338447056],[-122.62207850401533,9.327218338447056]]],"type":"Polygon"},"id":"candidate-0198","properties":{},"type":"Feature"},{"geometry":{"coordinates":[[[-66.31746586623413,-7.81830801787526],[-66.31746586623413,-5.724533513236388],[-64.98860202684062,-5.724533513236388],[-64.98860202684062,-7.81830801787526],[-66.31746586623413,-7.81830801787526]]],"type":"Polygon"},"id":"candidate-0199","properties":{},"type":"Feature"},{"geometry":{"coordinates":[[[91.19008044179566,-4.363150810644598],[91.19008044179566,-3.678963928437696],[93.45326227434555,-3.678963928437696],[93.45326227434555,-4.363150810644598],[91.19008044179566,-4.363150810644598]]],"type":"Polygon"},"id":"candidate-0200","properties":{},"type":"Feature"},{"geometry":{"coordinates":[[[-85.86286632155048,-17.513500016702288],[-85.86286632155048,-17.09210520871749],[-83.82280393426382,-17.09210520871749],[-83.82280393426382,-17.513500016702288],[-85.86286632155048,-17.513500016702288]]],"type":"Polygon"},"id":"candidate-0201","properties":{},"type":"Feature"},{"geometry":{"coordinates":[[[43.80432474612323,61.305349634632364],[43.80432474612323,62.35004174666693],[45.54763009266949,62.35004174666693],[45.54763009266949,61.305349634632364],[43.80432474612323,61.305349634632364]]],"type":"Polygon"},"id":"candidate-0202","properties":{},"type":"Feature"},{"geometry":{"coordinates":[[[132.8961315029619,8.58879937648012],[132.8961315029619,9.89597108333553],[134.53199085332108,9.89597108333553],[134.53199085332108,8.58879937648012],[132.8961315029619,8.58879937648012]]],"type":"Polygon"},"id":"candidate-0203","properties":{},"type":"Feature"},{"geometry":{"coordinates":[[[150.3086312205955,-14.005274400327952],[150.3086312205955,-12.29586804636676],[152.20595769574282,-12.29586804636676],[152.20595769574282,-14.005274400327952],[150.3086312205955,-14.005274400327952]]],"type":"Polygon"},"id":"candidate-0204","properties":{},"type":"Feature"},{"geometry":{"coordinates":[[[-55.16020134873984,59.17193219862677],[-55.16020134873984,60.33966080187479],[-52.748958302246784,60.33966080187479],[-52.748958302246784,59.17193219862677],[-55.16020134873984,59.17193219862677]]],"type":"Polygon"},"id":"candidate-0205","properties":{},"type":"Feature"},{"geometry":{"coordinates":[[[-62.39492960223786,-44.4003294838047],[-62.39492960223786,-44.003093875238264],[-59.91771590354852,-44.003093875238264],[-59.91771590354852,-44.4003294838047],[-62.39492960223786,-44.4003294838047]]],"type":"Polygon"},"id":"candidate-0206","properties":{},"type":"Feature"},{"geometry":{"coordinates":[[[-159.15720917617082,-42.56282096987893],[-159.15720917617082,-41.943282305730335],[-157.5977467801973,-41.943282305730335],[-157.5977467801973,-42.56282096987893],[-159.15720917617082,-42.56282096987893]]],"type":"Polygon"},"id":"candidate-0207","properties":{},"type":"Feature"},{"geometry":{"coordinates":[[[-102.46220584973291,3.25850958500066],[-102.46220584973291,5.149852636837074],[-101.82356776697115,5.149852636837074],[-101.82356776697115,3.25850958500066],[-102.46220584973291,3.25850958500066]]],"type":"Polygon"},"id":"candidate-0208","properties":{},"type":"Feature"},{"geometry":{"coordinates":[[[52.19176057306159,-34.55108766322449],[52.19176057306159,-32.05881303194748],[54.56178085768929,-32.05881303194748],[54.56178085768929,-34.55108766322449],[52.19176057306159,-34.55108766322449]]],"type":"Polygon"},"id":"candidate-0209","properties":{},"type":"Feature"},{"geometry":{"coordinates":[[[-135.11722579670584,65.9204345820871],[-135.11722579670584,67.87340436115684],[-134.06384957558197,67.87340436115684],[-134.06384957558197,65.9204345820871],[-135.11722579670584,65.9204345820871]]],"type":"Polygon"},"id":"candidate-0210","properties":{},"type":"Feature"},{"geometry":{"coordinates":[[[-46.32279795549332,39.79767148435049],[-46.32279795549332,41.572704563300036],[-45.07440442051267,41.572704563300036],[-45.07440442051267,39.79767148435049],[-46.32279795549332,39.79767148435049]]],"type":"Polygon"},"id":"candidate-0211","properties":{},"type":"Feature"},{"geometry":{"coordinates":[[[-60.12428835106658,16.830283804160405],[-60.12428835106658,18.644618200890744],[-59.17491672475555,18.644618200890744],[-59.17491672475555,16.830283804160405],[-60.12428835106658,16.830283804160405]]],"type":"Polygon"},"id":"candidate-0212","properties":{},"type":"Feature"},{"geometry":{"coordinates":[[[87.0637178853193,24.59238156165889],[87.0637178853193,26.40757459478568],[89.14219684994885,26.40757459478568],[89.14219684994885,24.59238156165889],[87.0637178853193,24.59238156165889]]],"type":"Polygon"},"id":"candidate-0213","properties":{},"type":"Feature"},{"geometry":{"coordinates":[[[-66.79422913576674,25.426064676954894],[-66.79422913576674,26.93470526660255],[-64.57918590059533,26.93470526660255],[-64.57918590059533,25.426064676954894],[-66.79422913576674,25.426064676954894]]],"type":"Polygon"},"id":"candidate-0214","properties":{},"type":"Feature"},{"geometry":{"coordinates":[[[-5.287626096537761,-1.4552220574579582],[-5.287626096537761,-0.23184878373933882],[-4.905032281604437,-0.23184878373933882],[-4.905032281604437,-1.4552220574579582],[-5.287626096537761,-1.4552220574579582]]],"type":"Polygon"},"id":"candidate-0215","properties":{},"type":"Feature"},{"geometry":{"coordinates":[[[-87.31605713531467,-35.942770846187265],[-87.31605713531467,-35.14719830871025],[-86.4914068520843,-35.14719830871025],[-86.4914068520843,-35.942770846187265],[-87.31605713531467,-35.942770846187265]]],"type":"Polygon"},"id":"candidate-0216","properties":{},"type":"Feature"},{"geometry":{"coordinates":[[[-0.058949976366238666,-15.720957850811754],[-0.058949976366238666,-15.253060279113516],[2.25385322689998,-15.253060279113516],[2.25385322689998,-15.720957850811754],[-0.058949976366238666,-15.720957850811754]]],"type":"Polygon"},"id":"candidate-0217","properties":{},"type":"Feature"},{"geometry":{"coordinates":[[[114.09617340668629,23.87921859234754],[114.09617340668629,25.032732256931723],[114.53352399956108,25.032732256931723],[114.53352399956108,23.87921859234754],[114.09617340668629,23.87921859234754]]],"type":"Polygon"},"id":"candidate-0218","properties":{},"type":"Feature"},{"geometry":{"coordinates":[[[16.259850152516503,29.629683555765347],[16.259850152516503,31.0884605470115],[16.653388078308684,31.0884605470115],[16.653388078308684,29.629683555765347],[16.259850152516503,29.629683555765347]]],"type":"Polygon"},"id":"candidate-0219","properties":{},"type":"Feature"},{"geometry":{"coordinates":[[[87.0565686041878,6.1561496716905],[87.0565686041878,6.786092141285408],[89.24587795424937,6.786092141285408],[89.24587795424937,6.1561496716905],[87.0565686041878,6.1561496716905]]],"type":"Polygon"},"id":"candidate-0220","properties":{},"type":"Feature"},{"geometry":{"coordinates":[[[-39.33221770610488,15.44940862662559],[-39.33221770610488,16.569276739088487],[-38.71940671006575,16.569276739088487],[-38.71940671006575,15.44940862662559],[-39.33221770610488,15.44940862662559]]],"type":"Polygon"},"id":"candidate-0221","properties":{},"type":"Feature"},{"geometry":{"coordinates":[[[-80.48634533251328,50.13026303780727],[-80.48634533251328,50.52882888939443],[-79.13501774200108,50.52882888939443],[-79.13501774200108,50.13026303780727],[-80.48634533251328,50.13026303780727]]],"type":"Polygon"},"id":"candidate-0222","properties":{},"type":"Feature"},{"geometry":{"coordinates":[[[59.742649153730625,-0.5546286199863171],[59.742649153730625,1.8086873483810986],[61.14805032602247,1.8086873483810986],[61.14805032602247,-0.5546286199863171],[59.742649153730625,-0.5546286199863171]]],"type":"Polygon"},"id":"candidate-0223","properties":{},"type":"Feature"},{"geometry":{"coordinates":[[[143.00799103022544,-24.41809624615404],[143.00799103022544,-22.603782091265938],[144.52954463106673,-22.603782091265938],[144.52954463106673,-24.41809624615404],[143.00799103022544,-24.41809624615404]]],"type":"Polygon"},"id":"candidate-0224","properties":{},"type":"Feature"},{"geometry":{"coordinates":[[[-98.9369514902198,12.810798596988292],[-98.9369514902198,15.131920072885322],[-98.10771731768554,15.131920072885322],[-98.10771731768554,12.810798596988292],[-98.9369514902198,12.810798596988292]]],"type":"Polygon"},"id":"candidate-0225","properties":{},"type":"Feature"},{"geometry":{"coordinates":[[[-19.494314268376737,41.45086687871365],[-19.494314268376737,41.98819666671809],[-18.30884344017102,41.98819666671809],[-18.30884344017102,41.45086687871365],[-19.494314268376737,41.45086687871365]]],"type":"Polygon"},"id":"candidate-0226","properties":{},"type":"Feature"},{"geometry":{"coordinates":[[[-109.32315129367726,-3.8476672249976653],[-109.32315129367726,-3.476395746841546],[-106.93680388201619,-3.476395746841546],[-106.93680388201619,-3.8476672249976653],[-109.32315129367726,-3.8476672249976653]]],"type":"Polygon"},"id":"candidate-0227","properties":{},"type":"Feature"},{"geometry":{"coordinates":[[[25.31246479529533,19.65702227049191],[25.31246479529533,20.411334667942707],[26.223381888334767,20.411334667942707],[26.223381888334767,19.65702227049191],[25.31246479529533,19.65702227049191]]],"type":"Polygon"},"id":"candidate-0228","properties":{},"type":"Feature"},{"geometry":{"coordinates":[[[-157.0490558583828,32.84719810325004],[-157.0490558583828,35.02660007993464],[-155.07701648038287,35.02660007993464],[-155.07701648038287,32.84719810325004],[-157.0490558583828,32.84719810325004]]],"type":"Polygon"},"id":"candidate-0229","properties":{},"type":"Feature"},{"geometry":{"coordinates":[[[161.63105052743808,2.966972260426503],[161.63105052743808,3.5389580864068777],[163.80054169361736,3.5389580864068777],[163.80054169361736,2.966972260426503],[161.63105052743808,2.966972260426503]]],"type":"Polygon"},"id":"candidate-0230","properties":{},"type":"Feature"},{"geometry":{"coordinates":[[[87.22472686663859,63.91105678757704],[87.22472686663859,65.8084107468221],[88.1457268612805,65.8084107468221],[88.1457268612805,63.91105678757704],[87.22472686663859,63.91105678757704]]],"type":"Polygon"},"id":"candidate-0231","properties":{},"type":"Feature"},{"geometry":{"coordinates":[[[122.43763738248275,-25.75145850527887],[122.43763738248275,-25.38994244772549],[123.26968058335719,-25.38994244772549],[123.26968058335719,-25.75145850527887],[122.43763738248275,-25.75145850527887]]],"type":"Polygon"},"id":"candidate-0232","properties":{},"type":"Feature"},{"geometry":{"coordinates":[[[-89.4609338157157,44.49075817968645],[-89.4609338157157,45.85513731020683],[-87.27959318648725,45.85513731020683],[-87.27959318648725,44.49075817968645],[-89.4609338157157,44.49075817968645]]],"type":"Polygon"},"id":"candidate-0233","properties":{},"type":"Feature"},{"geometry":{"coordinates":[[[54.1024942534791,-40.50763509998208],[54.1024942534791,-38.50379148234629],[54.773683295713404,-38.50379148234629],[54.773683295713404,-40.50763509998208],[54.1024942534791,-40.50763509998208]]],"type":"Polygon"},"id":"candidate-0234","properties":{},"type":"Feature"},{"geometry":{"coordinates":[[[-148.6329218423757,46.7647134999055],[-148.6329218423757,48.002631508786976],[-147.49758053139078,48.002631508786976],[-147.49758053139078,46.7647134999055],[-148.6329218423757,46.7647134999055]]],"type":"Polygon"},"id":"candidate-0235","properties":{},"type":"Feature"},{"geometry":{"coordinates":[[[-84.94764711945847,-43.33322762283545],[-84.94764711945847,-42.4744276276446],[-84.3602082636743,-42.4744276276446],[-84.3602082636743,-43.33322762283545],[-84.94764711945847,-43.33322762283545]]],"type":"Polygon"},"id":"candidate-0236","properties":{},"type":"Feature"},{"geometry":{"coordinates":[[[-64.14855961398774,-54.574912055621105],[-64.14855961398774,-53.46336814613033],[-62.6035245969994,-53.46336814613033],[-62.6035245969994,-54.574912055621105],[-64.14855961398774,-54.574912055621105]]],"type":"Polygon"},"id":"candidate-0237","properties":{},"type":"Feature"},{"geometry":{"coordinates":[[[68.41291837985925,-29.444494972310867],[68.41291837985925,-27.944569883467178],[70.63522483075936,-27.944569883467178],[70.63522483075936,-29.444494972310867],[68.41291837985925,-29.444494972310867]]],"type":"Polygon"},"id":"candidate-0238","properties":{},"type":"Feature"},{"geometry":{"coordinates":[[[16.42631542423471,11.971296923821297],[16.42631542423471,13.516234332479813],[16.972049199940095,13.516234332479813],[16.972049199940095,11.971296923821297],[16.42631542423471,11.971296923821297]]],"type":"Polygon"},"id":"candidate-0239","properties":{},"type":"Feature"},{"geometry":{"coordinates":[[[-118.71775227264635,40.33343010748488],[-118.71775227264635,41.293934037237015],[-116.40427667698975,41.293934037237015],[-116.40427667698975,40.33343010748488],[-118.71775227264635,40.33343010748488]]],"type":"Polygon"},"id":"candidate-0240","properties":{},"type":"Feature"},{"geometry":{"coordinates":[[[133.71950439072916,58.421567707617186],[133.71950439072916,59.49201926914867],[135.91557971402702,59.49201926914867],[135.91557971402702,58.421567707617186],[133.71950439072916,58.421567707617186]]],"type":"Polygon"},"id":"candidate-0241","properties":{},"type":"Feature"},{"geometry":{"coordinates":[[[-56.115830862492174,20.05726069983604],[-56.115830862492174,21.09858714187521],[-55.21131402001271,21.09858714187521],[-55.21131402001271,20.05726069983604],[-56.115830862492174,20.05726069983604]]],"type":"Polygon"},"id":"candidate-0242","properties":{},"type":"Feature"},{"geometry":{"coordinates":[[[-49.003196822240945,63.73802428794867],[-49.003196822240945,65.10990276652203],[-46.5168558228739,65.10990276652203],[-46.5168558228739,63.73802428794867],[-49.003196822240945,63.73802428794867]]],"type":"Polygon"},"id":"candidate-0243","properties":{},"type":"Feature"},{"geometry":{"coordinates":[[[-160.33819838524437,-18.512678399497624],[-160.33819838524437,-17.796011218175842],[-159.41181231711835,-17.796011218175842],[-159.41181231711835,-18.512678399497624],[-160.33819838524437,-18.512678399497624]]],"type":"Polygon"},"id":"candidate-0244","properties":{},"type":"Feature"},{"geometry":{"coordinates":[[[-70.288090766088,-23.25432439426735],[-70.288090766088,-21.164481015909722],[-68.62893907633566,-21.164481015909722],[-68.62893907633566,-23.25432439426735],[-70.288090766088,-23.25432439426735]]],"type":"Polygon"},"id":"candidate-0245","properties":{},"type":"Feature"},{"geometry":{"coordinates":[[[126.78474218079434,32.309767984657995],[126.78474218079434,33.47854220939969],[127.36906426064338,33.47854220939969],[127.36906426064338,32.309767984657995],[126.78474218079434,32.309767984657995]]],"type":"Polygon"},"id":"candidate-0246","properties":{},"type":"Feature"},{"geometry":{"coordinates":[[[101.2061110851551,39.00106299355733],[101.2061110851551,41.3841619097038],[101.82193854967358,41.3841619097038],[101.82193854967358,39.00106299355733],[101.2061110851551,39.00106299355733]]],"type":"Polygon"},"id":"candidate-0247","properties":{},"type":"Feature"},{"geometry":{"coordinates":[[[3.5150642580950007,-1.5713039692892572],[3.5150642580950007,-0.13022194673643017],[5.195777356911472,-0.13022194673643017],[5.195777356911472,-1.5713039692892572],[3.5150642580950007,-1.5713039692892572]]],"type":"Polygon"},"id":"candidate-0248","properties":{},"type":"Feature"},{"geometry":{"coordinates":[[[-93.50831600419552,32.899865718744664],[-93.50831600419552,35.04023261827798],[-91.90495199128488,35.04023261827798],[-91.90495199128488,32.899865718744664],[-93.50831600419552,32.899865718744664]]],"type":"Polygon"},"id":"candidate-0249","properties":{},"type":"Feature"},{"geometry":{"coordinates":[[[139.37920598266237,3.7008903391975383],[139.37920598266237,4.601564720280823],[141.75660937504983,4.601564720280823],[141.75660937504983,3.7008903391975383],[139.37920598266237,3.7008903391975383]]],"type":"Polygon"},"id":"candidate-0250","properties":{},"type":"Feature"},{"geometry":{"coordinates":[[[-77.55791120084352,63.05973660848073],[-77.55791120084352,63.848114981276154],[-77.2212079197049,63.848114981276154],[-77.2212079197049,63.05973660848073],[-77.55791120084352,63.05973660848073]]],"type":"Polygon"},"id":"candidate-0251","properties":{},"type":"Feature"},{"geometry":{"coordinates":[[[125.61582159581847,-20.687532686033798],[125.61582159581847,-19.371766568180867],[126.20930591868411,-19.371766568180867],[126.20930591868411,-20.687532686033798],[125.61582159581847,-20.687532686033798]]],"type":"Polygon"},"id":"candidate-0252","properties":{},"type":"Feature"},{"geometry":{"coordinates":[[[-15.420658243688308,42.98191699311952],[-15.420658243688308,44.71039587111397],[-14.604555789270648,44.71039587111397],[-14.604555789270648,42.98191699311952],[-15.420658243688308,42.98191699311952]]],"type":"Polygon"},"id":"candidate-0253","properties":{},"type":"Feature"},{"geometry":{"coordinates":[[[-9.225607003370339,12.518724853754563],[-9.225607003370339,14.662083422381059],[-7.164811013577652,14.662083422381059],[-7.164811013577652,12.518724853754563],[-9.225607003370339,12.518724853754563]]],"type":"Polygon"},"id":"candidate-0254","properties":{},"type":"Feature"},{"geometry":{"coordinates":[[[-84.36259190884657,-24.944690474122556],[-84.36259190884657,-23.548659124631893],[-82.2616593922909,-23.548659124631893],[-82.2616593922909,-24.944690474122556],[-84.36259190884657,-24.944690474122556]]],"type":"Polygon"},"id":"candidate-0255","properties":{},"type":"Feature"},{"geometry":{"coordinates":[[[18.258055697895017,-0.5501200007808837],[18.258055697895017,0.16389125802215182],[19.583239385282937,0.16389125802215182],[19.583239385282937,-0.5501200007808837],[18.258055697895017,-0.5501200007808837]]],"type":"Polygon"},"id":"candidate-0256","properties":{},"type":"Feature"},{"geometry":{"coordinates":[[[54.82435181290093,-43.37804693208216],[54.82435181290093,-42.24101402772264],[56.390042149984495,-42.24101402772264],[56.390042149984495,-43.37804693208216],[54.82435181290093,-43.37804693208216]]],"type":"Polygon"},"id":"candidate-0257","properties":{},"type":"Feature"},{"geometry":{"coordinates":[[[166.29198319679514,7.570368435736167],[166.29198319679514,8.046902307857227],[168.1989828406096,8.046902307857227],[168.1989828406096,7.570368435736167],[166.29198319679514,7.570368435736167]]],"type":"Polygon"},"id":"candidate-0258","properties":{},"type":"Feature"},{"geometry":{"coordinates":[[[46.607057741644184,58.31932883612365],[46.607057741644184,60.07546639405336],[48.85237193143078,60.07546639405336],[48.85237193143078,58.31932883612365],[46.607057741644184,58.31932883612365]]],"type":"Polygon"},"id":"candidate-0259","properties":{},"type":"Feature"},{"geometry":{"coordinates":[[[-102.36424627305998,-17.16812611369254],[-102.36424627305998,-15.323319792411535],[-101.68899940932239,-15.323319792411535],[-101.68899940932239,-17.16812611369254],[-102.36424627305998,-17.16812611369254]]],"type":"Polygon"},"id":"candidate-0260","properties":{},"type":"Feature"},{"geometry":{"coordinates":[[[86.79662591641586,-19.893424206353643],[86.79662591641586,-18.27002531259349],[87.98488266997713,-18.27002531259349],[87.98488266997713,-19.893424206353643],[86.79662591641586,-19.893424206353643]]],"type":"Polygon"},"id":"candidate-0261","properties":{},"type":"Feature"},{"geometry":{"coordinates":[[[80.10057178533525,-6.447225059815334],[80.10057178533525,-5.633709680226748],[82.26024689840047,-5.633709680226748],[82.26024689840047,-6.447225059815334],[80.10057178533525,-6.447225059815334]]],"type":"Polygon"},"id":"candidate-0262","properties":{},"type":"Feature"},{"geometry":{"coordinates":[[[-107.21322663758454,3.344374045696907],[-107.21322663758454,4.918498737747103],[-106.89167735098366,4.918498737747103],[-106.89167735098366,3.344374045696907],[-107.21322663758454,3.344374045696907]]],"type":"Polygon"},"id":"candidate-0263","properties":{},"type":"Feature"},{"geometry":{"coordinates":[[[3.313995212533125,-8.090529671957107],[3.313995212533125,-7.062997601267007],[3.831190974040926,-7.062997601267007],[3.831190974040926,-8.090529671957107],[3.313995212533125,-8.090529671957107]]],"type":"Polygon"},"id":"candidate-0264","properties":{},"type":"Feature"},{"geometry":{"coordinates":[[[51.3558275498535,38.09382233823311],[51.3558275498535,40.59293201792755],[52.09549799141129,40.59293201792755],[52.09549799141129,38.09382233823311],[51.3558275498535,38.09382233823311]]],"type":"Polygon"},"id":"candidate-0265","properties":{},"type":"Feature"},{"geometry":{"coordinates":[[[78.25923413688251,25.09506722846916],[78.25923413688251,27.43510813270885],[79.93701791197005,27.43510813270885],[79.93701791197005,25.09506722846916],[78.25923413688251,25.09506722846916]]],"type":"Polygon"},"id":"candidate-0266","properties":{},"type":"Feature"},{"geometry":{"coordinates":[[[87.82310077053292,39.18999302654396],[87.82310077053292,39.88862161420511],[88.2038008603784,39.88862161420511],[88.2038008603784,39.18999302654396],[87.82310077053292,39.18999302654396]]],"type":"Polygon"},"id":"candidate-0267","properties":{},"type":"Feature"},{"geometry":{"coordinates":[[[65.59735616741011,-41.478982893905005],[65.59735616741011,-39.08722376690988],[66.43587907856403,-39.08722376690988],[66.43587907856403,-41.478982893905005],[65.59735616741011,-41.478982893905005]]],"type":"Polygon"},"id":"candidate-0268","properties":{},"type":"Feature"},{"geometry":{"coordinates":[[[-145.10902447814283,-2.642990206290224],[-145.10902447814283,-0.45263447173790605],[-143.19096759945728,-0.45263447173790605],[-143.19096759945728,-2.642990206290224],[-145.10902447814283,-2.642990206290224]]],"type":"Polygon"},"id":"candidate-0269","properties":{},"type":"Feature"},{"geometry":{"coordinates":[[[-137.56446106935425,3.4051786499313463],[-137.56446106935425,4.466887088149716],[-136.8486808286096,4.466887088149716],[-136.8486808286096,3.4051786499313463],[-137.56446106935425,3.4051786499313463]]],"type":"Polygon"},"id":"candidate-0270","properties":{},"type":"Feature"},{"geometry":{"coordinates":[[[-161.87970979329208,-21.632351506877004],[-161.87970979329208,-19.22174049157128],[-161.01790506361738,-19.22174049157128],[-161.01790506361738,-21.632351506877004],[-161.87970979329208,-21.632351506877004]]],"type":"Polygon"},"id":"candidate-0271","properties":{},"type":"Feature"},{"geometry":{"coordinates":[[[47.89357569396085,-28.192848509484158],[47.89357569396085,-26.69572543853755],[48.32849017291509,-26.69572543853755],[48.32849017291509,-28.192848509484158],[47.89357569396085,-28.192848509484158]]],"type":"Polygon"},"id":"candidate-0272","properties":{},"type":"Feature"},{"geometry":{"coordinates":[[[96.39753886994524,19.15803463041217],[96.39753886994524,19.878562176396404],[98.20585099104986,19.878562176396404],[98.20585099104986,19.15803463041217],[96.39753886994524,19.15803463041217]]],"type":"Polygon"},"id":"candidate-0273","properties":{},"type":"Feature"},{"geometry":{"coordinates":[[[1.9404774041664226,-14.866751006354795],[1.9404774041664226,-14.294036295321314],[4.294117462930153,-14.294036295321314],[4.294117462930153,-14.866751006354795],[1.9404774041664226,-14.866751006354795]]],"type":"Polygon"},"id":"candidate-0274","properties":{},"type":"Feature"},{"geometry":{"coordinates":[[[-113.4429379103458,-3.110274117931727],[-113.4429379103458,-1.5627632647536946],[-111.50133277003395,-1.5627632647536946],[-111.50133277003395,-3.110274117931727],[-113.4429379103458,-3.110274117931727]]],"type":"Polygon"},"id":"candidate-0275","properties":{},"type":"Feature"},{"geometry":{"coordinates":[[[50.85669820077865,53.86593510214674],[50.85669820077865,55.98291242907306],[51.4659342975024,55.98291242907306],[51.4659342975024,53.86593510214674],[50.85669820077865,53.86593510214674]]],"type":"Polygon"},"id":"candidate-0276","properties":{},"type":"Feature"},{"geometry":{"coordinates":[[[10.825571768325087,-0.5695903071993839],[10.825571768325087,0.979221114981108],[12.974566421351515,0.979221114981108],[12.974566421351515,-0.5695903071993839],[10.825571768325087,-0.5695903071993839]]],"type":"Polygon"},"id":"candidate-0277","properties":{},"type":"Feature"},{"geometry":{"coordinates":[[[-17.352564752801868,-21.376146951119978],[-17.352564752801868,-19.94416445434237],[-15.03859287990099,-19.94416445434237],[-15.03859287990099,-21.376146951119978],[-17.352564752801868,-21.376146951119978]]],"type":"Polygon"},"id":"candidate-0278","properties":{},"type":"Feature"},{"geometry":{"coordinates":[[[25.24903562366028,36.95812325124726],[25.24903562366028,39.22923837424739],[27.59759118748617,39.22923837424739],[27.59759118748617,36.95812325124726],[25.24903562366028,36.95812325124726]]],"type":"Polygon"},"id":"candidate-0279","properties":{},"type":"Feature"},{"geometry":{"coordinates":[[[-40.19890532811781,10.436841995610603],[-40.19890532811781,11.898052091885564],[-38.38413179884622,11.898052091885564],[-38.38413179884622,10.436841995610603],[-40.19890532811781,10.436841995610603]]],"type":"Polygon"},"id":"candidate-0280","properties":{},"type":"Feature"},{"geometry":{"coordinates":[[[104.34197731153233,-48.06168880764622],[104.34197731153233,-47.134735330246],[105.53787274047704,-47.134735330246],[105.53787274047704,-48.06168880764622],[104.34197731153233,-48.06168880764622]]],"type":"Polygon"},"id":"candidate-0281","properties":{},"type":"Feature"},{"geometry":{"coordinates":[[[19.008696340355012,-38.61704195664986],[19.008696340355012,-36.685721886801176],[20.584796911065045,-36.685721886801176],[20.584796911065045,-38.61704195664986],[19.008696340355012,-38.61704195664986]]],"type":"Polygon"},"id":"candidate-0282","properties":{},"type":"Feature"},{"geometry":{"coordinates":[[[-115.54816807122674,-28.153280779136256],[-115.54816807122674,-27.838043436911587],[-113.69679170408662,-27.838043436911587],[-113.69679170408662,-28.153280779136256],[-115.54816807122674,-28.153280779136256]]],"type":"Polygon"},"id":"candidate-0283","properties":{},"type":"Feature"},{"geometry":{"coordinates":[[[2.2324421056694703,46.42720546811827],[2.2324421056694703,47.68983670588401],[2.663837570714513,47.68983670588401],[2.663837570714513,46.42720546811827],[2.2324421056694703,46.42720546811827]]],"type":"Polygon"},"id":"candidate-0284","properties":{},"type":"Feature"},{"geometry":{"coordinates":[[[13.854280198090539,-52.14076517159504],[13.854280198090539,-50.45667190985967],[14.731611575220011,-50.45667190985967],[14.731611575220011,-52.14076517159504],[13.854280198090539,-52.14076517159504]]],"type":"Polygon"},"id":"candidate-0285","properties":{},"type":"Feature"},{"geometry":{"coordinates":[[[-40.472403169106414,73.04755189788982],[-40.472403169106414,75.24588534676981],[-39.58171310781928,75.24588534676981],[-39.58171310781928,73.04755189788982],[-40.472403169106414,73.04755189788982]]],"type":"Polygon"},"id":"candidate-0286","properties":{},"type":"Feature"},{"geometry":{"coordinates":[[[1.8771159417281076,28.238158549206776],[1.8771159417281076,29.451715399969242],[4.099395177824078,29.451715399969242],[4.099395177824078,28.238158549206776],[1.8771159417281076,28.238158549206776]]],"type":"Polygon"},"id":"candidate-0287","properties":{},"type":"Feature"},{"geometry":{"coordinates":[[[-11.729536233335072,-18.127588024096685],[-11.729536233335072,-16.67552442503141],[-10.685072833606963,-16.67552442503141],[-10.685072833606963,-18.127588024096685],[-11.729536233335072,-18.127588024096685]]],"type":"Polygon"},"id":"candidate-0288","properties":{},"type":"Feature"},{"geometry":{"coordinates":[[[-47.60610703209752,-53.296413742732575],[-47.60610703209752,-52.89500579661577],[-45.78045314063326,-52.89500579661577],[-45.78045314063326,-53.296413742732575],[-47.60610703209752,-53.296413742732575]]],"type":"Polygon"},"id":"candidate-0289","properties":{},"type":"Feature"},{"geometry":{"coordinates":[[[-59.13609357272476,5.230219944810268],[-59.13609357272476,6.6590057377598315],[-58.35101723310082,6.6590057377598315],[-58.35101723310082,5.230219944810268],[-59.13609357272476,5.230219944810268]]],"type":"Polygon"},"id":"candidate-0290","properties":{},"type":"Feature"},{"geometry":{"coordinates":[[[-31.669311358947798,63.147969169654075],[-31.669311358947798,63.94144837929731],[-30.099821579069523,63.94144837929731],[-30.099821579069523,63.147969169654075],[-31.669311358947798,63.147969169654075]]],"type":"Polygon"},"id":"candidate-0291","properties":{},"type":"Feature"},{"geometry":{"coordinates":[[[56.36756677068357,-2.0843652942497823],[56.36756677068357,-0.8502793996739899],[56.94889545944832,-0.8502793996739899],[56.94889545944832,-2.0843652942497823],[56.36756677068357,-2.0843652942497823]]],"type":"Polygon"},"id":"candidate-0292","properties":{},"type":"Feature"},{"geometry":{"coordinates":[[[-121.39465894683693,-42.776280866465044],[-121.39465894683693,-42.09770571149933],[-118.94517267770962,-42.09770571149933],[-118.94517267770962,-42.776280866465044],[-121.39465894683693,-42.776280866465044]]],"type":"Polygon"},"id":"candidate-0293","properties":{},"type":"Feature"},{"geometry":{"coordinates":[[[-108.1791362149985,66.23163600487608],[-108.1791362149985,66.55497952775609],[-106.27825777765321,66.55497952775609],[-106.27825777765321,66.23163600487608],[-108.1791362149985,66.23163600487608]]],"type":"Polygon"},"id":"candidate-0294","properties":{},"type":"Feature"},{"geometry":{"coordinates":[[[122.57974568163662,-7.952908086390002],[122.57974568163662,-7.139908643788141],[123.43445290210228,-7.139908643788141],[123.43445290210228,-7.952908086390002],[122.57974568163662,-7.952908086390002]]],"type":"Polygon"},"id":"candidate-0295","properties":{},"type":"Feature"},{"geometry":{"coordinates":[[[-99.81597974683781,-40.43171269620827],[-99.81597974683781,-39.549066895227504],[-97.49497537398533,-39.549066895227504],[-97.49497537398533,-40.43171269620827],[-99.81597974683781,-40.43171269620827]]],"type":"Polygon"},"id":"candidate-0296","properties":{},"type":"Feature"},{"geometry":{"coordinates":[[[-6.714169014772941,-3.8333536349529234],[-6.714169014772941,-3.026221180287583],[-4.410491360860882,-3.026221180287583],[-4.410491360860882,-3.8333536349529234],[-6.714169014772941,-3.8333536349529234]]],"type":"Polygon"},"id":"candidate-0297","properties":{},"type":"Feature"},{"geometry":{"coordinates":[[[98.16109694862027,-35.914962995417724],[98.16109694862027,-35.46842256186271],[100.05461867223667,-35.46842256186271],[100.05461867223667,-35.914962995417724],[98.16109694862027,-35.914962995417724]]],"type":"Polygon"},"id":"candidate-0298","properties":{},"type":"Feature"},{"geometry":{"coordinates":[[[-37.68285721751309,45.31652720619163],[-37.68285721751309,46.01518900573303],[-35.602314062511226,46.01518900573303],[-35.602314062511226,45.31652720619163],[-37.68285721751309,45.31652720619163]]],"type":"Polygon"},"id":"candidate-0299","properties":{},"type":"Feature"},{"geometry":{"coordinates":[[[-166.50944054890343,-23.967287492473567],[-166.50944054890343,-23.229419990355247],[-165.70848621850016,-23.229419990355247],[-165.70848621850016,-23.967287492473567],[-166.50944054890343,-23.967287492473567]]],"type":"Polygon"},"id":"candidate-0300","properties":{},"type":"Feature"},{"geometry":{"coordinates":[[[83.81846615906613,5.777949554672587],[83.81846615906613,7.214008710847112],[86.25922697821818,7.214008710847112],[86.25922697821818,5.777949554672587],[83.81846615906613,5.777949554672587]]],"type":"Polygon"},"id":"candidate-0301","properties":{},"type":"Feature"},{"geometry":{"coordinates":[[[24.20198050877313,65.73233114121773],[24.20198050877313,66.49803538188722],[25.621900314669762,66.49803538188722],[25.621900314669762,65.73233114121773],[24.20198050877313,65.73233114121773]]],"type":"Polygon"},"id":"candidate-0302","properties":{},"type":"Feature"},{"geometry":{"coordinates":[[[135.01551469635413,57.274044247673004],[135.01551469635413,58.67223111083109],[136.18816206044548,58.67223111083109],[136.18816206044548,57.274044247673004],[135.01551469635413,57.274044247673004]]],"type":"Polygon"},"id":"candidate-0303","properties":{},"type":"Feature"},{"geometry":{"coordinates":[[[83.15984096127421,66.39796345984395],[83.15984096127421,67.33465591932885],[85.03262064406941,67.33465591932885],[85.03262064406941,66.39796345984395],[83.15984096127421,66.39796345984395]]],"type":"Polygon"},"id":"candidate-0304","properties":{},"type":"Feature"},{"geometry":{"coordinates":[[[24.393898092719397,48.958360347793324],[24.393898092719397,51.08506682241896],[26.804600162980122,51.08506682241896],[26.804600162980122,48.958360347793324],[24.393898092719397,48.958360347793324]]],"type":"Polygon"},"id":"candidate-0305","properties":{},"type":"Feature"},{"geometry":{"coordinates":[[[-97.77461907131652,-47.154389531930235],[-97.77461907131652,-45.55548986473556],[-96.25702608333833,-45.55548986473556],[-96.25702608333833,-47.154389531930235],[-97.77461907131652,-47.154389531930235]]],"type":"Polygon"},"id":"candidate-0306","properties":{},"type":"Feature"},{"geometry":{"coordinates":[[[-87.04505419850892,53.441820083956614],[-87.04505419850892,53.91737428067917],[-85.13202090250365,53.91737428067917],[-85.13202090250365,53.441820083956614],[-87.04505419850892,53.441820083956614]]],"type":"Polygon"},"id":"candidate-0307","properties":{},"type":"Feature"},{"geometry":{"coordinates":[[[-47.89442527869475,-12.9780501942551],[-47.89442527869475,-11.993159480530824],[-47.01664810675552,-11.993159480530824],[-47.01664810675552,-12.9780501942551],[-47.89442527869475,-12.9780501942551]]],"type":"Polygon"},"id":"candidate-0308","properties":{},"type":"Feature"},{"geometry":{"coordinates":[[[-78.0291893685318,9.498148064159682],[-78.0291893685318,9.930078271806178],[-76.49238070371561,9.930078271806178],[-76.49238070371561,9.498148064159682],[-78.0291893685318,9.498148064159682]]],"type":"Polygon"},"id":"candidate-0309","properties":{},"type":"Feature"},{"geometry":{"coordinates":[[[-61.821217108417976,29.814562176055045],[-61.821217108417976,31.152585497135835],[-60.313389236028975,31.152585497135835],[-60.313389236028975,29.814562176055045],[-61.821217108417976,29.814562176055045]]],"type":"Polygon"},"id":"candidate-0310","properties":{},"type":"Feature"},{"geometry":{"coordinates":[[[98.96614879389304,9.514541023661689],[98.96614879389304,10.748202365757255],[101.09308297953359,10.748202365757255],[101.09308297953359,9.514541023661689],[98.96614879389304,9.514541023661689]]],"type":"Polygon"},"id":"candidate-0311","properties":{},"type":"Feature"},{"geometry":{"coordinates":[[[-143.74101860466877,47.75276878340452],[-143.74101860466877,49.963606319289056],[-143.1452471594076,49.963606319289056],[-143.1452471594076,47.75276878340452],[-143.74101860466877,47.75276878340452]]],"type":"Polygon"},"id":"candidate-0312","properties":{},"type":"Feature"},{"geometry":{"coordinates":[[[164.13693253535942,12.656883066642017],[164.13693253535942,14.939194014059076],[164.99361997327523,14.939194014059076],[164.99361997327523,12.656883066642017],[164.13693253535942,12.656883066642017]]],"type":"Polygon"},"id":"candidate-0313","properties":{},"type":"Feature"},{"geometry":{"coordinates":[[[51.02103501922247,7.933661291055229],[51.02103501922247,8.684074537389309],[51.430014264972925,8.684074537389309],[51.430014264972925,7.933661291055229],[51.02103501922247,7.933661291055229]]],"type":"Polygon"},"id":"candidate-0314","properties":{},"type":"Feature"},{"geometry":{"coordinates":[[[-133.14166387694831,8.278969577803885],[-133.14166387694831,10.413472400319158],[-132.13443610913993,10.413472400319158],[-132.13443610913993,8.278969577803885],[-133.14166387694831,8.278969577803885]]],"type":"Polygon"},"id":"candidate-0315","properties":{},"type":"Feature"},{"geometry":{"coordinates":[[[30.46303233322864,31.282785921253318],[30.46303233322864,33.349427666282175],[31.60119015387987,33.349427666282175],[31.60119015387987,31.282785921253318],[30.46303233322864,31.282785921253318]]],"type":"Polygon"},"id":"candidate-0316","properties":{},"type":"Feature"},{"geometry":{"coordinates":[[[19.250822854154357,0.4064173073172642],[19.250822854154357,1.2114727364353595],[21.350825636350244,1.2114727364353595],[21.350825636350244,0.4064173073172642],[19.250822854154357,0.4064173073172642]]],"type":"Polygon"},"id":"candidate-0317","properties":{},"type":"Feature"},{"geometry":{"coordinates":[[[-70.2470345881405,3.1571434882910916],[-70.2470345881405,5.491228632887192],[-69.15147772906921,5.491228632887192],[-69.15147772906921,3.1571434882910916],[-70.2470345881405,3.1571434882910916]]],"type":"Polygon"},"id":"candidate-0318","properties":{},"type":"Feature"},{"geometry":{"coordinates":[[[14.498729205488274,23.767318980485793],[14.498729205488274,25.950819865013262],[16.798667422522925,25.950819865013262],[16.798667422522925,23.767318980485793],[14.498729205488274,23.767318980485793]]],"type":"Polygon"},"id":"candidate-0319","properties":{},"type":"Feature"},{"geometry":{"coordinates":[[[49.34228561062636,62.23503314183499],[49.34228561062636,63.22914563279811],[50.12289477388529,63.22914563279811],[50.12289477388529,62.23503314183499],[49.34228561062636,62.23503314183499]]],"type":"Polygon"},"id":"candidate-0320","properties":{},"type":"Feature"},{"geometry":{"coordinates":[[[-74.87796406420298,-19.997905106692453],[-74.87796406420298,-19.374971166241696],[-72.77662629874666,-19.374971166241696],[-72.77662629874666,-19.997905106692453],[-74.87796406420298,-19.997905106692453]]],"type":"Polygon"},"id":"candidate-0321","properties":{},"type":"Feature"},{"geometry":{"coordinates":[[[147.24745866184523,51.95866274618756],[147.24745866184523,53.60101560990542],[149.30365977206625,53.60101560990542],[149.30365977206625,51.95866274618756],[147.24745866184523,51.95866274618756]]],"type":"Polygon"},"id":"candidate-0322","properties":{},"type":"Feature"},{"geometry":{"coordinates":[[[-83.01949443187019,69.13704689552802],[-83.01949443187019,71.07459492316673],[-80.62606114133234,71.07459492316673],[-80.62606114133234,69.13704689552802],[-83.01949443187019,69.13704689552802]]],"type":"Polygon"},"id":"candidate-0323","properties":{},"type":"Feature"},{"geometry":{"coordinates":[[[-81.20340165288162,-9.783183448648634],[-81.20340165288162,-8.397147681252173],[-79.26912666566984,-8.397147681252173],[-79.26912666566984,-9.783183448648634],[-81.20340165288162,-9.783183448648634]]],"type":"Polygon"},"id":"candidate-0324","properties":{},"type":"Feature"},{"geometry":{"coordinates":[[[-129.5249886669238,24.88033883082743],[-129.5249886669238,26.24613660412974],[-127.18639469267404,26.24613660412974],[-127.18639469267404,24.88033883082743],[-129.5249886669238,24.88033883082743]]],"type":"Polygon"},"id":"candidate-0325","properties":{},"type":"Feature"},{"geometry":{"coordinates":[[[-134.4681812036578,22.650297122362264],[-134.4681812036578,24.287804955924127],[-133.90727325069136,24.287804955924127],[-133.90727325069136,22.650297122362264],[-134.4681812036578,22.650297122362264]]],"type":"Polygon"},"id":"candidate-0326","properties":{},"type":"Feature"},{"geometry":{"coordinates":[[[148.45949641795113,2.397942624540371],[148.45949641795113,4.867807543397027],[149.334054085359,4.867807543397027],[149.334054085359,2.397942624540371],[148.45949641795113,2.397942624540371]]],"type":"Polygon"},"id":"candidate-0327","properties":{},"type":"Feature"},{"geometry":{"coordinates":[[[24.99713504167994,-33.395865538984154],[24.99713504167994,-32.914190167205675],[26.705542840093813,-32.914190167205675],[26.705542840093813,-33.395865538984154],[24.99713504167994,-33.395865538984154]]],"type":"Polygon"},"id":"candidate-0328","properties":{},"type":"Feature"},{"geometry":{"coordinates":[[[168.99171076829458,29.1889178359993],[168.99171076829458,31.34913032540404],[170.05865941738506,31.34913032540404],[170.05865941738506,29.1889178359993],[168.99171076829458,29.1889178359993]]],"type":"Polygon"},"id":"candidate-0329","properties":{},"type":"Feature"},{"geometry":{"coordinates":[[[168.75392950956112,53.5962395336139],[168.75392950956112,53.91103523099417],[169.07071910552813,53.91103523099417],[169.07071910552813,53.5962395336139],[168.75392950956112,53.5962395336139]]],"type":"Polygon"},"id":"candidate-0330","properties":{},"type":"Feature"},{"geometry":{"coordinates":[[[-140.24132079476976,72.39270050656766],[-140.24132079476976,74.4560115788084],[-139.68236562952916,74.4560115788084],[-139.68236562952916,72.39270050656766],[-140.24132079476976,72.39270050656766]]],"type":"Polygon"},"id":"candidate-0331","properties":{},"type":"Feature"},{"geometry":{"coordinates":[[[-64.64053344251619,50.90666074261152],[-64.64053344251619,51.98035120597119],[-64.14646742298592,51.98035120597119],[-64.14646742298592,50.90666074261152],[-64.64053344251619,50.90666074261152]]],"type":"Polygon"},"id":"candidate-0332","properties":{},"type":"Feature"},{"geometry":{"coordinates":[[[-87.60879781253466,-41.57155825483879],[-87.60879781253466,-40.54364595785921],[-86.80150098642748,-40.54364595785921],[-86.80150098642748,-41.57155825483879],[-87.60879781253466,-41.57155825483879]]],"type":"Polygon"},"id":"candidate-0333","properties":{},"type":"Feature"},{"geometry":{"coordinates":[[[148.7594265513994,72.91416156009166],[148.7594265513994,74.90567499969939],[151.00355526741387,74.90567499969939],[151.00355526741387,72.91416156009166],[148.7594265513994,72.91416156009166]]],"type":"Polygon"},"id":"candidate-0334","properties":{},"type":"Feature"},{"geometry":{"coordinates":[[[-9.864975954751882,-14.88139126185961],[-9.864975954751882,-13.189706570939416],[-8.172868079161079,-13.189706570939416],[-8.172868079161079,-14.88139126185961],[-9.864975954751882,-14.88139126185961]]],"type":"Polygon"},"id":"candidate-0335","properties":{},"type":"Feature"},{"geometry":{"coordinates":[[[75.75772713306387,-48.229288034013294],[75.75772713306387,-46.123139743314226],[76.92746671815374,-46.123139743314226],[76.92746671815374,-48.229288034013294],[75.75772713306387,-48.229288034013294]]],"type":"Polygon"},"id":"candidate-0336","properties":{},"type":"Feature"},{"geometry":{"coordinates":[[[88.13263228382074,-18.690971884380954],[88.13263228382074,-17.885468789497327],[90.30084880483058,-17.885468789497327],[90.30084880483058,-18.690971884380954],[88.13263228382074,-18.690971884380954]]],"type":"Polygon"},"id":"candidate-0337","properties":{},"type":"Feature"},{"geometry":{"coordinates":[[[167.09637974738905,-16.89407052880406],[167.09637974738905,-14.778038681031749],[167.9087547399547,-14.778038681031749],[167.9087547399547,-16.89407052880406],[167.09637974738905,-16.89407052880406]]],"type":"Polygon"},"id":"candidate-0338","properties":{},"type":"Feature"},{"geometry":{"coordinates":[[[-45.22288811268641,-37.50539995468072],[-45.22288811268641,-35.33521263393512],[-44.348853821096945,-35.33521263393512],[-44.348853821096945,-37.50539995468072],[-45.22288811268641,-37.50539995468072]]],"type":"Polygon"},"id":"candidate-0339","properties":{},"type":"Feature"},{"geometry":{"coordinates":[[[71.35232989308649,22.97085140062044],[71.35232989308649,24.215232464516838],[73.11962835642716,24.215232464516838],[73.11962835642716,22.97085140062044],[71.35232989308649,22.97085140062044]]],"type":"Polygon"},"id":"candidate-0340","properties":{},"type":"Feature"},{"geometry":{"coordinates":[[[-159.52710380475256,-27.106311419914814],[-159.52710380475256,-25.92581968524806],[-158.37342232059305,-25.92581968524806],[-158.37342232059305,-27.106311419914814],[-159.52710380475256,-27.106311419914814]]],"type":"Polygon"},"id":"candidate-0341","properties":{},"type":"Feature"},{"geometry":{"coordinates":[[[-94.67659366554193,20.313145387190392],[-94.67659366554193,22.665446554659436],[-94.06567489028626,22.665446554659436],[-94.06567489028626,20.313145387190392],[-94.67659366554193,20.313145387190392]]],"type":"Polygon"},"id":"candidate-0342","properties":{},"type":"Feature"},{"geometry":{"coordinates":[[[142.35570857060273,-46.73122899385581],[142.35570857060273,-44.43524554303167],[144.36172477552972,-44.43524554303167],[144.36172477552972,-46.73122899385581],[142.35570857060273,-46.73122899385581]]],"type":"Polygon"},"id":"candidate-0343","properties":{},"type":"Feature"},{"geometry":{"coordinates":[[[-38.941802720132465,7.883651386851896],[-38.941802720132465,9.215116722104966],[-37.52935176806549,9.215116722104966],[-37.52935176806549,7.883651386851896],[-38.941802720132465,7.883651386851896]]],"type":"Polygon"},"id":"candidate-0344","properties":{},"type":"Feature"},{"geometry":{"coordinates":[[[79.22336888165597,-23.201136095602227],[79.22336888165597,-22.694464316377545],[81.68025260198198,-22.694464316377545],[81.68025260198198,-23.201136095602227],[79.22336888165597,-23.201136095602227]]],"type":"Polygon"},"id":"candidate-0345","properties":{},"type":"Feature"},{"geometry":{"coordinates":[[[-119.99673439183417,60.165945245999495],[-119.99673439183417,61.537242560953985],[-117.93290176924106,61.537242560953985],[-117.93290176924106,60.165945245999495],[-119.99673439183417,60.165945245999495]]],"type":"Polygon"},"id":"candidate-0346","properties":{},"type":"Feature"},{"geometry":{"coordinates":[[[-75.51528511652431,70.36564285278169],[-75.51528511652431,72.40767276942913],[-73.60124459138596,72.40767276942913],[-73.60124459138596,70.36564285278169],[-75.51528511652431,70.36564285278169]]],"type":"Polygon"},"id":"candidate-0347","properties":{},"type":"Feature"},{"geometry":{"coordinates":[[[-146.69259587379068,28.393700294892824],[-146.69259587379068,29.34116591976243],[-146.3528032657604,29.34116591976243],[-146.3528032657604,28.393700294892824],[-146.69259587379068,28.393700294892824]]],"type":"Polygon"},"id":"candidate-0348","properties":{},"type":"Feature"},{"geometry":{"coordinates":[[[-99.91713053375737,52.44175399853052],[-99.91713053375737,54.64128049790619],[-98.93163873036961,54.64128049790619],[-98.93163873036961,52.44175399853052],[-99.91713053375737,52.44175399853052]]],"type":"Polygon"},"id":"candidate-0349","properties":{},"type":"Feature"},{"geometry":{"coordinates":[[[-66.30662021020733,4.49967153922051],[-66.30662021020733,5.265958541132922],[-64.7034479117812,5.265958541132922],[-64.7034479117812,4.49967153922051],[-66.30662021020733,4.49967153922051]]],"type":"Polygon"},"id":"candidate-0350","properties":{},"type":"Feature"},{"geometry":{"coordinates":[[[-16.931819053329754,-42.97102922238849],[-16.931819053329754,-41.374569306033216],[-15.139096831598088,-41.374569306033216],[-15.139096831598088,-42.97102922238849],[-16.931819053329754,-42.97102922238849]]],"type":"Polygon"},"id":"candidate-0351","properties":{},"type":"Feature"},{"geometry":{"coordinates":[[[96.28612024113443,-10.883736208671888],[96.28612024113443,-9.593079823807205],[98.33652334515466,-9.593079823807205],[98.33652334515466,-10.883736208671888],[96.28612024113443,-10.883736208671888]]],"type":"Polygon"},"id":"candidate-0352","properties":{},"type":"Feature"},{"geometry":{"coordinates":[[[56.52815007912248,-45.64729415462004],[56.52815007912248,-44.943301107908084],[57.35548610389533,-44.943301107908084],[57.35548610389533,-45.64729415462004],[56.52815007912248,-45.64729415462004]]],"type":"Polygon"},"id":"candidate-0353","properties":{},"type":"Feature"},{"geometry":{"coordinates":[[[-143.42604996405288,-36.63248488500261],[-143.42604996405288,-35.89437728369785],[-141.06230038101882,-35.89437728369785],[-141.06230038101882,-36.63248488500261],[-143.42604996405288,-36.63248488500261]]],"type":"Polygon"},"id":"candidate-0354","properties":{},"type":"Feature"},{"geometry":{"coordinates":[[[-50.68806382893315,6.563873626501578],[-50.68806382893315,7.004030266388551],[-49.53087051974704,7.004030266388551],[-49.53087051974704,6.563873626501578],[-50.68806382893315,6.563873626501578]]],"type":"Polygon"},"id":"candidate-0355","properties":{},"type":"Feature"},{"geometry":{"coordinates":[[[22.077338882655877,-6.002845076540179],[22.077338882655877,-4.6637523390866455],[23.779021046361127,-4.6637523390866455],[23.779021046361127,-6.002845076540179],[22.077338882655877,-6.002845076540179]]],"type":"Polygon"},"id":"candidate-0356","properties":{},"type":"Feature"},{"geometry":{"coordinates":[[[-108.12980302711095,-37.70199905964281],[-108.12980302711095,-35.644956387169636],[-106.86005043225028,-35.644956387169636],[-106.86005043225028,-37.70199905964281],[-108.12980302711095,-37.70199905964281]]],"type":"Polygon"},"id":"candidate-0357","properties":{},"type":"Feature"},{"geometry":{"coordinates":[[[86.55995212919754,37.99204921808495],[86.55995212919754,39.79629576004806],[88.28535707703338,39.79629576004806],[88.28535707703338,37.99204921808495],[86.55995212919754,37.99204921808495]]],"type":"Polygon"},"id":"candidate-0358","properties":{},"type":"Feature"},{"geometry":{"coordinates":[[[-65.43259380241702,-54.33948611440823],[-65.43259380241702,-53.72836918005153],[-63.52191861621651,-53.72836918005153],[-63.52191861621651,-54.33948611440823],[-65.43259380241702,-54.33948611440823]]],"type":"Polygon"},"id":"candidate-0359","properties":{},"type":"Feature"},{"geometry":{"coordinates":[[[-40.35535015415038,10.532396111561422],[-40.35535015415038,11.292911859612918],[-39.6887681516042,11.292911859612918],[-39.6887681516042,10.532396111561422],[-40.35535015415038,10.532396111561422]]],"type":"Polygon"},"id":"candidate-0360","properties":{},"type":"Feature"},{"geometry":{"coordinates":[[[-159.11393361270223,-17.427013122586168],[-159.11393361270223,-15.30656759462604],[-156.96142214384383,-15.30656759462604],[-156.96142214384383,-17.427013122586168],[-159.11393361270223,-17.427013122586168]]],"type":"Polygon"},"id":"candidate-0361","properties":{},"type":"Feature"},{"geometry":{"coordinates":[[[157.70186610564338,-14.211177150825506],[157.70186610564338,-12.305436688135018],[159.8804598623649,-12.305436688135018],[159.8804598623649,-14.211177150825506],[157.70186610564338,-14.211177150825506]]],"type":"Polygon"},"id":"candidate-0362","properties":{},"type":"Feature"},{"geometry":{"coordinates":[[[69.85192811017546,28.829571555041042],[69.85192811017546,30.929732641988608],[71.00600081398326,30.929732641988608],[71.00600081398326,28.829571555041042],[69.85192811017546,28.829571555041042]]],"type":"Polygon"},"id":"candidate-0363","properties":{},"type":"Feature"},{"geometry":{"coordinates":[[[-139.1251763998163,-49.79776899211634],[-139.1251763998163,-49.24474168724543],[-137.1807089968266,-49.24474168724543],[-137.1807089968266,-49.79776899211634],[-139.1251763998163,-49.79776899211634]]],"type":"Polygon"},"id":"candidate-0364","properties":{},"type":"Feature"},{"geometry":{"coordinates":[[[-5.23658667552422,-54.38331232620299],[-5.23658667552422,-52.76413234404864],[-4.05131578268811,-52.76413234404864],[-4.05131578268811,-54.38331232620299],[-5.23658667552422,-54.38331232620299]]],"type":"Polygon"},"id":"candidate-0365","properties":{},"type":"Feature"},{"geometry":{"coordinates":[[[22.16808039430969,5.274901976357895],[22.16808039430969,5.9280732604919],[22.765510587210834,5.9280732604919],[22.765510587210834,5.274901976357895],[22.16808039430969,5.274901976357895]]],"type":"Polygon"},"id":"candidate-0366","properties":{},"type":"Feature"},{"geometry":{"coordinates":[[[17.655897322915663,52.436387354388415],[17.655897322915663,52.87925305334204],[18.658710394993378,52.87925305334204],[18.658710394993378,52.436387354388415],[17.655897322915663,52.436387354388415]]],"type":"Polygon"},"id":"candidate-0367","properties":{},"type":"Feature"},{"geometry":{"coordinates":[[[37.38477846730864,-15.299972160909773],[37.38477846730864,-13.74734418975227],[39.405169141291715,-13.74734418975227],[39.405169141291715,-15.299972160909773],[37.38477846730864,-15.299972160909773]]],"type":"Polygon"},"id":"candidate-0368","properties":{},"type":"Feature"},{"geometry":{"coordinates":[[[6.299870556825673,-23.544133203444698],[6.299870556825673,-22.571542676714795],[7.617592018475315,-22.571542676714795],[7.617592018475315,-23.544133203444698],[6.299870556825673,-23.544133203444698]]],"type":"Polygon"},"id":"candidate-0369","properties":{},"type":"Feature"},{"geometry":{"coordinates":[[[-113.00392353621677,19.058508621475088],[-113.00392353621677,19.66019839002902],[-110.56083996828752,19.66019839002902],[-110.56083996828752,19.058508621475088],[-113.00392353621677,19.058508621475088]]],"type":"Polygon"},"id":"candidate-0370","properties":{},"type":"Feature"},{"geometry":{"coordinates":[[[150.80394637865015,-22.775036780562555],[150.80394637865015,-21.27337902925493],[152.26112250076164,-21.27337902925493],[152.26112250076164,-22.775036780562555],[150.80394637865015,-22.775036780562555]]],"type":"Polygon"},"id":"candidate-0371","properties":{},"type":"Feature"},{"geometry":{"coordinates":[[[-141.88183126067142,41.120670795700846],[-141.88183126067142,43.491624250966055],[-141.15634897211797,43.491624250966055],[-141.15634897211797,41.120670795700846],[-141.88183126067142,41.120670795700846]]],"type":"Polygon"},"id":"candidate-0372","properties":{},"type":"Feature"},{"geometry":{"coordinates":[[[21.43356032712122,20.198068138608306],[21.43356032712122,20.73103834614878],[22.26943867552135,20.73103834614878],[22.26943867552135,20.198068138608306],[21.43356032712122,20.198068138608306]]],"type":"Polygon"},"id":"candidate-0373","properties":{},"type":"Feature"},{"geometry":{"coordinates":[[[-82.62369300640107,17.20677187302109],[-82.62369300640107,18.11619390687597],[-81.36222595719913,18.11619390687597],[-81.36222595719913,17.20677187302109],[-82.62369300640107,17.20677187302109]]],"type":"Polygon"},"id":"candidate-0374","properties":{},"type":"Feature"},{"geometry":{"coordinates":[[[40.786629959869835,44.11406372989468],[40.786629959869835,44.76824805291126],[43.00402947876139,44.76824805291126],[43.00402947876139,44.11406372989468],[40.786629959869835,44.11406372989468]]],"type":"Polygon"},"id":"candidate-0375","properties":{},"type":"Feature"},{"geometry":{"coordinates":[[[103.43492039794741,50.7192247680815],[103.43492039794741,52.78097137527722],[104.15522435671822,52.78097137527722],[104.15522435671822,50.7192247680815],[103.43492039794741,50.7192247680815]]],"type":"Polygon"},"id":"candidate-0376","properties":{},"type":"Feature"},{"geometry":{"coordinates":[[[-42.60416518581602,-36.05151410895575],[-42.60416518581602,-34.41739598401919],[-40.21093778094208,-34.41739598401919],[-40.21093778094208,-36.05151410895575],[-42.60416518581602,-36.05151410895575]]],"type":"Polygon"},"id":"candidate-0377","properties":{},"type":"Feature"},{"geometry":{"coordinates":[[[66.36869171154792,41.82113394528124],[66.36869171154792,43.46931981414156],[68.82306585528481,43.46931981414156],[68.82306585528481,41.82113394528124],[66.36869171154792,41.82113394528124]]],"type":"Polygon"},"id":"candidate-0378","properties":{},"type":"Feature"},{"geometry":{"coordinates":[[[0.8223342020832958,-6.235476549623212],[0.8223342020832958,-5.231737530237143],[2.788102473362942,-5.231737530237143],[2.788102473362942,-6.235476549623212],[0.8223342020832958,-6.235476549623212]]],"type":"Polygon"},"id":"candidate-0379","properties":{},"type":"Feature"},{"geometry":{"coordinates":[[[-105.43988479317707,14.723043753545543],[-105.43988479317707,16.015180851577863],[-103.16262049831153,16.015180851577863],[-103.16262049831153,14.723043753545543],[-105.43988479317707,14.723043753545543]]],"type":"Polygon"},"id":"candidate-0380","properties":{},"type":"Feature"},{"geometry":{"coordinates":[[[90.62440602798348,-38.28632312877425],[90.62440602798348,-36.1013482458607],[91.31691007206028,-36.1013482458607],[91.31691007206028,-38.28632312877425],[90.62440602798348,-38.28632312877425]]],"type":"Polygon"},"id":"candidate-0381","properties":{},"type":"Feature"},{"geometry":{"coordinates":[[[136.72343276329372,-39.671788989580506],[136.72343276329372,-38.13725242777892],[138.38791126272912,-38.13725242777892],[138.38791126272912,-39.671788989580506],[136.72343276329372,-39.671788989580506]]],"type":"Polygon"},"id":"candidate-0382","properties":{},"type":"Feature"},{"geometry":{"coordinates":[[[-60.25209558377453,-22.301405325152945],[-60.25209558377453,-21.41234732840469],[-58.67550827570851,-21.41234732840469],[-58.67550827570851,-22.301405325152945],[-60.25209558377453,-22.301405325152945]]],"type":"Polygon"},"id":"candidate-0383","properties":{},"type":"Feature"},{"geometry":{"coordinates":[[[109.63324591296349,41.2431370732169],[109.63324591296349,43.29218224409175],[111.38267891756017,43.29218224409175],[111.38267891756017,41.2431370732169],[109.63324591296349,41.2431370732169]]],"type":"Polygon"},"id":"candidate-0384","properties":{},"type":"Feature"},{"geometry":{"coordinates":[[[-66.79409613497843,-23.634809106738935],[-66.79409613497843,-22.229765167625466],[-64.9594379354577,-22.229765167625466],[-64.9594379354577,-23.634809106738935],[-66.79409613497843,-23.634809106738935]]],"type":"Polygon"},"id":"candidate-0385","properties":{},"type":"Feature"},{"geometry":{"coordinates":[[[-56.638041692532205,-26.568044823637713],[-56.638041692532205,-24.30089352027983],[-55.24424896224243,-24.30089352027983],[-55.24424896224243,-26.568044823637713],[-56.638041692532205,-26.568044823637713]]],"type":"Polygon"},"id":"candidate-0386","properties":{},"type":"Feature"},{"geometry":{"coordinates":[[[-4.527643930569402,-22.262169763949046],[-4.527643930569402,-21.08359922933161],[-3.0443799471160085,-21.08359922933161],[-3.0443799471160085,-22.262169763949046],[-4.527643930569402,-22.262169763949046]]],"type":"Polygon"},"id":"candidate-0387","properties":{},"type":"Feature"},{"geometry":{"coordinates":[[[159.41159760806454,64.64757264045524],[159.41159760806454,66.02392670889087],[160.56478042823358,66.02392670889087],[160.56478042823358,64.64757264045524],[159.41159760806454,64.64757264045524]]],"type":"Polygon"},"id":"candidate-0388","properties":{},"type":"Feature"},{"geometry":{"coordinates":[[[18.98315509843902,-39.24278129156178],[18.98315509843902,-37.36944167746255],[19.651064309781567,-37.36944167746255],[19.651064309781567,-39.24278129156178],[18.98315509843902,-39.24278129156178]]],"type":"Polygon"},"id":"candidate-0389","properties":{},"type":"Feature"},{"geometry":{"coordinates":[[[121.24680145775979,23.98486316850171],[121.24680145775979,24.312685227825874],[121.6909584968967,24.312685227825874],[121.6909584968967,23.98486316850171],[121.24680145775979,23.98486316850171]]],"type":"Polygon"},"id":"candidate-0390","properties":{},"type":"Feature"},{"geometry":{"coordinates":[[[-74.23743815714084,42.954649377091584],[-74.23743815714084,43.62722578187271],[-72.28586901542334,43.62722578187271],[-72.28586901542334,42.954649377091584],[-74.23743815714084,42.954649377091584]]],"type":"Polygon"},"id":"candidate-0391","properties":{},"type":"Feature"},{"geometry":{"coordinates":[[[-24.24108453269134,2.6950454148559224],[-24.24108453269134,3.844328358239853],[-22.10817053961818,3.844328358239853],[-22.10817053961818,2.6950454148559224],[-24.24108453269134,2.6950454148559224]]],"type":"Polygon"},"id":"candidate-0392","properties":{},"type":"Feature"},{"geometry":{"coordinates":[[[-164.18433140257468,-16.886594601678134],[-164.18433140257468,-15.951156542585926],[-162.76073518594768,-15.951156542585926],[-162.76073518594768,-16.886594601678134],[-164.18433140257468,-16.886594601678134]]],"type":"Polygon"},"id":"candidate-0393","properties":{},"type":"Feature"},{"geometry":{"coordinates":[[[-33.59232577657551,-33.26420850251555],[-33.59232577657551,-32.70197437641678],[-33.19335237600163,-32.70197437641678],[-33.19335237600163,-33.26420850251555],[-33.59232577657551,-33.26420850251555]]],"type":"Polygon"},"id":"candidate-0394","properties":{},"type":"Feature"},{"geometry":{"coordinates":[[[82.36455528119023,-21.656556318080366],[82.36455528119023,-19.966356498286853],[83.16593109020869,-19.966356498286853],[83.16593109020869,-21.656556318080366],[82.36455528119023,-21.656556318080366]]],"type":"Polygon"},"id":"candidate-0395","properties":{},"type":"Feature"},{"geometry":{"coordinates":[[[-17.18084039865914,-25.855465642889346],[-17.18084039865914,-24.572452400060396],[-15.691291126486023,-24.572452400060396],[-15.691291126486023,-25.855465642889346],[-17.18084039865914,-25.855465642889346]]],"type":"Polygon"},"id":"candidate-0396","properties":{},"type":"Feature"},{"geometry":{"coordinates":[[[152.77350556721598,61.70811237237826],[152.77350556721598,62.176333128887926],[154.51216308769466,62.176333128887926],[154.51216308769466,61.70811237237826],[152.77350556721598,61.70811237237826]]],"type":"Polygon"},"id":"candidate-0397","properties":{},"type":"Feature"},{"geometry":{"coordinates":[[[-28.22853476890118,13.413729658658845],[-28.22853476890118,15.251366043331892],[-26.39894379136199,15.251366043331892],[-26.39894379136199,13.413729658658845],[-28.22853476890118,13.413729658658845]]],"type":"Polygon"},"id":"candidate-0398","properties":{},"type":"Feature"},{"geometry":{"coordinates":[[[-161.29937852912224,13.248907225209024],[-161.29937852912224,14.919619735881241],[-160.5917098386778,14.919619735881241],[-160.5917098386778,13.248907225209024],[-161.29937852912224,13.248907225209024]]],"type":"Polygon"},"id":"candidate-0399","properties":{},"type":"Feature"},{"geometry":{"coordinates":[[[-48.538413873117044,-35.57872482964689],[-48.538413873117044,-33.90127310163733],[-47.42601109592339,-33.90127310163733],[-47.42601109592339,-35.57872482964689],[-48.538413873117044,-35.57872482964689]]],"type":"Polygon"},"id":"candidate-0400","properties":{},"type":"Feature"},{"geometry":{"coordinates":[[[163.82647057422864,60.75569580522036],[163.82647057422864,61.17916194238146],[165.68537206965883,61.17916194238146],[165.68537206965883,60.75569580522036],[163.82647057422864,60.75569580522036]]],"type":"Polygon"},"id":"candidate-0401","properties":{},"type":"Feature"},{"geometry":{"coordinates":[[[82.9429382438514,-50.27528528887965],[82.9429382438514,-48.76345073320919],[83.72229652167847,-48.76345073320919],[83.72229652167847,-50.27528528887965],[82.9429382438514,-50.27528528887965]]],"type":"Polygon"},"id":"candidate-0402","properties":{},"type":"Feature"},{"geometry":{"coordinates":[[[-45.6777801666846,-32.418717070152354],[-45.6777801666846,-30.16341558484426],[-45.36052973433338,-30.16341558484426],[-45.36052973433338,-32.418717070152354],[-45.6777801666846,-32.418717070152354]]],"type":"Polygon"},"id":"candidate-0403","properties":{},"type":"Feature"},{"geometry":{"coordinates":[[[152.31419228276266,53.394151373011844],[152.31419228276266,55.24757881732322],[152.7424913812217,55.24757881732322],[152.7424913812217,53.394151373011844],[152.31419228276266,53.394151373011844]]],"type":"Polygon"},"id":"candidate-0404","properties":{},"type":"Feature"},{"geometry":{"coordinates":[[[96.01394207071831,34.0768659458561],[96.01394207071831,36.52080458771411],[97.22857887041386,36.52080458771411],[97.22857887041386,34.0768659458561],[96.01394207071831,34.0768659458561]]],"type":"Polygon"},"id":"candidate-0405","properties":{},"type":"Feature"},{"geometry":{"coordinates":[[[47.677098327986144,-13.712995074273191],[47.677098327986144,-11.236959545050372],[48.202360639427454,-11.236959545050372],[48.202360639427454,-13.712995074273191],[47.677098327986144,-13.712995074273191]]],"type":"Polygon"},"id":"candidate-0406","properties":{},"type":"Feature"},{"geometry":{"coordinates":[[[14.843565994665846,29.63946811209454],[14.843565994665846,31.759423367276604],[15.205783058585359,31.759423367276604],[15.205783058585359,29.63946811209454],[14.843565994665846,29.63946811209454]]],"type":"Polygon"},"id":"candidate-0407","properties":{},"type":"Feature"},{"geometry":{"coordinates":[[[102.30428499101023,5.56911529665598],[102.30428499101023,7.44110839181549],[103.14860928532269,7.44110839181549],[103.14860928532269,5.56911529665598],[102.30428499101023,5.56911529665598]]],"type":"Polygon"},"id":"candidate-0408","properties":{},"type":"Feature"},{"geometry":{"coordinates":[[[50.297232559723106,46.22296274267474],[50.297232559723106,46.57638377613851],[51.77981867929493,46.57638377613851],[51.77981867929493,46.22296274267474],[50.297232559723106,46.22296274267474]]],"type":"Polygon"},"id":"candidate-0409","properties":{},"type":"Feature"},{"geometry":{"coordinates":[[[142.55008645427435,1.7217295719475088],[142.55008645427435,2.6090436710341125],[143.1632361404826,2.6090436710341125],[143.1632361404826,1.7217295719475088],[142.55008645427435,1.7217295719475088]]],"type":"Polygon"},"id":"candidate-0410","properties":{},"type":"Feature"},{"geometry":{"coordinates":[[[116.33195129628385,35.19247885033828],[116.33195129628385,37.07970963877995],[117.98876145386734,37.07970963877995],[117.98876145386734,35.19247885033828],[116.33195129628385,35.19247885033828]]],"type":"Polygon"},"id":"candidate-0411","properties":{},"type":"Feature"},{"geometry":{"coordinates":[[[-72.47586081288617,-13.908544060157649],[-72.47586081288617,-12.726335664019263],[-72.09265759279049,-12.726335664019263],[-72.09265759279049,-13.908544060157649],[-72.47586081288617,-13.908544060157649]]],"type":"Polygon"},"id":"candidate-0412","properties":{},"type":"Feature"},{"geometry":{"coordinates":[[[-0.24230905597268382,11.996091153321423],[-0.24230905597268382,13.645701131377969],[1.6748811719891856,13.645701131377969],[1.6748811719891856,11.996091153321423],[-0.24230905597268382,11.996091153321423]]],"type":"Polygon"},"id":"candidate-0413","properties":{},"type":"Feature"},{"geometry":{"coordinates":[[[-138.2503761419871,-39.43344116703384],[-138.2503761419871,-38.51420299664134],[-136.37073196452917,-38.51420299664134],[-136.37073196452917,-39.43344116703384],[-138.2503761419871,-39.43344116703384]]],"type":"Polygon"},"id":"candidate-0414","properties":{},"type":"Feature"},{"geometry":{"coordinates":[[[19.990162338395933,20.676697633337483],[19.990162338395933,21.315314785561753],[20.64271438398775,21.315314785561753],[20.64271438398775,20.676697633337483],[19.990162338395933,20.676697633337483]]],"type":"Polygon"},"id":"candidate-0415","properties":{},"type":"Feature"},{"geometry":{"coordinates":[[[-68.53703298047486,-42.05930526443906],[-68.53703298047486,-41.111106171571805],[-67.67214017357989,-41.111106171571805],[-67.67214017357989,-42.05930526443906],[-68.53703298047486,-42.05930526443906]]],"type":"Polygon"},"id":"candidate-0416","properties":{},"type":"Feature"},{"geometry":{"coordinates":[[[165.86139548238367,31.69456684808778],[165.86139548238367,32.55488870898734],[166.43368839192004,32.55488870898734],[166.43368839192004,31.69456684808778],[165.86139548238367,31.69456684808778]]],"type":"Polygon"},"id":"candidate-0417","properties":{},"type":"Feature"},{"geometry":{"coordinates":[[[-14.754982878414294,58.702554797075756],[-14.754982878414294,60.568404531862335],[-12.57106805056941,60.568404531862335],[-12.57106805056941,58.702554797075756],[-14.754982878414294,58.702554797075756]]],"type":"Polygon"},"id":"candidate-0418","properties":{},"type":"Feature"},{"geometry":{"coordinates":[[[64.6352415049991,-16.51031577216641],[64.6352415049991,-15.145910025843785],[66.45474940444387,-15.145910025843785],[66.45474940444387,-16.51031577216641],[64.6352415049991,-16.51031577216641]]],"type":"Polygon"},"id":"candidate-0419","properties":{},"type":"Feature"},{"geometry":{"coordinates":[[[-49.779715853929,-2.8403242944764653],[-49.779715853929,-2.2425388767631578],[-48.13328233946822,-2.2425388767631578],[-48.13328233946822,-2.8403242944764653],[-49.779715853929,-2.8403242944764653]]],"type":"Polygon"},"id":"candidate-0420","properties":{},"type":"Feature"},{"geometry":{"coordinates":[[[-140.9832023676834,29.728092268986227],[-140.9832023676834,30.47150275329604],[-138.52054513421004,30.47150275329604],[-138.52054513421004,29.728092268986227],[-140.9832023676834,29.728092268986227]]],"type":"Polygon"},"id":"candidate-0421","properties":{},"type":"Feature"},{"geometry":{"coordinates":[[[86.53711618405235,66.09333397108418],[86.53711618405235,67.36246558654588],[88.18439925957274,67.36246558654588],[88.18439925957274,66.09333397108418],[86.53711618405235,66.09333397108418]]],"type":"Polygon"},"id":"candidate-0422","properties":{},"type":"Feature"},{"geometry":{"coordinates":[[[51.55786519980102,40.44017835349711],[51.55786519980102,42.04896455736972],[52.998834820109614,42.04896455736972],[52.998834820109614,40.44017835349711],[51.55786519980102,40.44017835349711]]],"type":"Polygon"},"id":"candidate-0423","properties":{},"type":"Feature"},{"geometry":{"coordinates":[[[135.16679733405215,63.848085679253934],[135.16679733405215,66.29501851560543],[136.53308354483624,66.29501851560543],[136.53308354483624,63.848085679253934],[135.16679733405215,63.848085679253934]]],"type":"Polygon"},"id":"candidate-0424","properties":{},"type":"Feature"},{"geometry":{"coordinates":[[[-66.04337260852981,-34.025423325721775],[-66.04337260852981,-31.621867615434365],[-63.88769785152226,-31.621867615434365],[-63.88769785152226,-34.025423325721775],[-66.04337260852981,-34.025423325721775]]],"type":"Polygon"},"id":"candidate-0425","properties":{},"type":"Feature"},{"geometry":{"coordinates":[[[71.20695282469406,53.145056298192465],[71.20695282469406,55.48272547588552],[72.7171145975742,55.48272547588552],[72.7171145975742,53.145056298192465],[71.20695282469406,53.145056298192465]]],"type":"Polygon"},"id":"candidate-0426","properties":{},"type":"Feature"},{"geometry":{"coordinates":[[[74.33937203144588,71.98732706530198],[74.33937203144588,73.06601350800388],[75.91606833318626,73.06601350800388],[75.91606833318626,71.98732706530198],[74.33937203144588,71.98732706530198]]],"type":"Polygon"},"id":"candidate-0427","properties":{},"type":"Feature"},{"geometry":{"coordinates":[[[-152.126289098501,-42.76574425028918],[-152.126289098501,-42.44467325480573],[-150.10511491773678,-42.44467325480573],[-150.10511491773678,-42.76574425028918],[-152.126289098501,-42.76574425028918]]],"type":"Polygon"},"id":"candidate-0428","properties":{},"type":"Feature"},{"geometry":{"coordinates":[[[-140.86867794133272,55.279594379891925],[-140.86867794133272,56.528611640806595],[-140.10981142413956,56.528611640806595],[-140.10981142413956,55.279594379891925],[-140.86867794133272,55.279594379891925]]],"type":"Polygon"},"id":"candidate-0429","properties":{},"type":"Feature"},{"geometry":{"coordinates":[[[153.45463911141644,-9.78038226138663],[153.45463911141644,-8.061565383404774],[155.090507355417,-8.061565383404774],[155.090507355417,-9.78038226138663],[153.45463911141644,-9.78038226138663]]],"type":"Polygon"},"id":"candidate-0430","properties":{},"type":"Feature"},{"geometry":{"coordinates":[[[-163.68948907874292,-41.99080778038009],[-163.68948907874292,-41.42076778706778],[-162.00153956757836,-41.42076778706778],[-162.00153956757836,-41.99080778038009],[-163.68948907874292,-41.99080778038009]]],"type":"Polygon"},"id":"candidate-0431","properties":{},"type":"Feature"},{"geometry":{"coordinates":[[[-150.78357928069417,38.38171942001292],[-150.78357928069417,39.13204824771788],[-149.0788544424651,39.13204824771788],[-149.0788544424651,38.38171942001292],[-150.78357928069417,38.38171942001292]]],"type":"Polygon"},"id":"candidate-0432","properties":{},"type":"Feature"},{"geometry":{"coordinates":[[[-161.24024487838497,59.4192054048919],[-161.24024487838497,61.12214117894692],[-160.2400317640581,61.12214117894692],[-160.2400317640581,59.4192054048919],[-161.24024487838497,59.4192054048919]]],"type":"Polygon"},"id":"candidate-0433","properties":{},"type":"Feature"},{"geometry":{"coordinates":[[[141.2240363504424,-52.61417441393431],[141.2240363504424,-51.60149772715765],[142.61535908708365,-51.60149772715765],[142.61535908708365,-52.61417441393431],[141.2240363504424,-52.61417441393431]]],"type":"Polygon"},"id":"candidate-0434","properties":{},"type":"Feature"},{"geometry":{"coordinates":[[[163.55886156827455,26.720296540584116],[163.55886156827455,27.029365146761677],[164.40666536179867,27.029365146761677],[164.40666536179867,26.720296540584116],[163.55886156827455,26.720296540584116]]],"type":"Polygon"},"id":"candidate-0435","properties":{},"type":"Feature"},{"geometry":{"coordinates":[[[34.60049602777646,-11.24730153226595],[34.60049602777646,-10.651981733700893],[35.73033403704555,-10.651981733700893],[35.73033403704555,-11.24730153226595],[34.60049602777646,-11.24730153226595]]],"type":"Polygon"},"id":"candidate-0436","properties":{},"type":"Feature"},{"geometry":{"coordinates":[[[94.39568274051881,50.0463046379539],[94.39568274051881,51.54748346873286],[95.70354854891802,51.54748346873286],[95.70354854891802,50.0463046379539],[94.39568274051881,50.0463046379539]]],"type":"Polygon"},"id":"candidate-0437","properties":{},"type":"Feature"},{"geometry":{"coordinates":[[[148.72027772082092,34.088340347211286],[148.72027772082092,36.49630441319296],[149.20768547514936,36.49630441319296],[149.20768547514936,34.088340347211286],[148.72027772082092,34.088340347211286]]],"type":"Polygon"},"id":"candidate-0438","properties":{},"type":"Feature"},{"geometry":{"coordinates":[[[113.23216939447525,-54.55058689240573],[113.23216939447525,-54.157398640283546],[113.93663802386277,-54.157398640283546],[113.93663802386277,-54.55058689240573],[113.23216939447525,-54.55058689240573]]],"type":"Polygon"},"id":"candidate-0439","properties":{},"type":"Feature"},{"geometry":{"coordinates":[[[130.7832037064933,-22.096483085801058],[130.7832037064933,-19.598826791514508],[132.4957760769166,-19.598826791514508],[132.4957760769166,-22.096483085801058],[130.7832037064933,-22.096483085801058]]],"type":"Polygon"},"id":"candidate-0440","properties":{},"type":"Feature"},{"geometry":{"coordinates":[[[-11.213345464240538,-28.691118034349614],[-11.213345464240538,-27.254670010134667],[-10.508089124503224,-27.254670010134667],[-10.508089124503224,-28.691118034349614],[-11.213345464240538,-28.691118034349614]]],"type":"Polygon"},"id":"candidate-0441","properties":{},"type":"Feature"},{"geometry":{"coordinates":[[[-157.77699547406297,49.36583770409393],[-157.77699547406297,49.777590017171015],[-157.43829766851354,49.777590017171015],[-157.43829766851354,49.36583770409393],[-157.77699547406297,49.36583770409393]]],"type":"Polygon"},"id":"candidate-0442","properties":{},"type":"Feature"},{"geometry":{"coordinates":[[[158.24409650773836,-0.9689449467823256],[158.24409650773836,-0.43828797177610956],[158.9895990882625,-0.43828797177610956],[158.9895990882625,-0.9689449467823256],[158.24409650773836,-0.9689449467823256]]],"type":"Polygon"},"id":"candidate-0443","properties":{},"type":"Feature"},{"geometry":{"coordinates":[[[39.899169373357246,-36.50903086376633],[39.899169373357246,-34.529779717344965],[41.28548313606424,-34.529779717344965],[41.28548313606424,-36.50903086376633],[39.899169373357246,-36.50903086376633]]],"type":"Polygon"},"id":"candidate-0444","properties":{},"type":"Feature"},{"geometry":{"coordinates":[[[-77.52228439675679,63.65462904126659],[-77.52228439675679,65.38538826843708],[-76.5533692500864,65.38538826843708],[-76.5533692500864,63.65462904126659],[-77.52228439675679,63.65462904126659]]],"type":"Polygon"},"id":"candidate-0445","properties":{},"type":"Feature"},{"geometry":{"coordinates":[[[66.0547193444263,11.372241311695468],[66.0547193444263,13.143764010361672],[66.82996742490133,13.143764010361672],[66.82996742490133,11.372241311695468],[66.0547193444263,11.372241311695468]]],"type":"Polygon"},"id":"candidate-0446","properties":{},"type":"Feature"},{"geometry":{"coordinates":[[[-159.9313181386478,-38.40375760681204],[-159.9313181386478,-37.199298971037585],[-158.28260961007865,-37.199298971037585],[-158.28260961007865,-38.40375760681204],[-159.9313181386478,-38.40375760681204]]],"type":"Polygon"},"id":"candidate-0447","properties":{},"type":"Feature"},{"geometry":{"coordinates":[[[-124.02934272285133,55.187952596913014],[-124.02934272285133,56.75900486880435],[-123.31639906105549,56.75900486880435],[-123.31639906105549,55.187952596913014],[-124.02934272285133,55.187952596913014]]],"type":"Polygon"},"id":"candidate-0448","properties":{},"type":"Feature"},{"geometry":{"coordinates":[[[86.99662037304888,63.90928102484595],[86.99662037304888,66.12913806273532],[88.0679211596452,66.12913806273532],[88.0679211596452,63.90928102484595],[86.99662037304888,63.90928102484595]]],"type":"Polygon"},"id":"candidate-0449","properties":{},"type":"Feature"},{"geometry":{"coordinates":[[[-81.04246818531992,42.762064453842655],[-81.04246818531992,43.64534537747251],[-78.562438724427,43.64534537747251],[-78.562438724427,42.762064453842655],[-81.04246818531992,42.762064453842655]]],"type":"Polygon"},"id":"candidate-0450","properties":{},"type":"Feature"},{"geometry":{"coordinates":[[[89.41169015665669,-29.89082629328827],[89.41169015665669,-28.682293892150376],[90.53473591353729,-28.682293892150376],[90.53473591353729,-29.89082629328827],[89.41169015665669,-29.89082629328827]]],"type":"Polygon"},"id":"candidate-0451","properties":{},"type":"Feature"},{"geometry":{"coordinates":[[[9.517948888022847,30.405281399994905],[9.517948888022847,31.274809773412827],[11.652486953906173,31.274809773412827],[11.652486953906173,30.405281399994905],[9.517948888022847,30.405281399994905]]],"type":"Polygon"},"id":"candidate-0452","properties":{},"type":"Feature"},{"geometry":{"coordinates":[[[6.702048595577416,-51.575003808797575],[6.702048595577416,-49.577002869089526],[7.973561267823932,-49.577002869089526],[7.973561267823932,-51.575003808797575],[6.702048595577416,-51.575003808797575]]],"type":"Polygon"},"id":"candidate-0453","properties":{},"type":"Feature"},{"geometry":{"coordinates":[[[-28.260663159527383,5.406938390878642],[-28.260663159527383,6.385043396687147],[-27.354372073356615,6.385043396687147],[-27.354372073356615,5.406938390878642],[-28.260663159527383,5.406938390878642]]],"type":"Polygon"},"id":"candidate-0454","properties":{},"type":"Feature"},{"geometry":{"coordinates":[[[108.37257262977752,-15.974525654135487],[108.37257262977752,-14.06683677539657],[109.73452777182663,-14.06683677539657],[109.73452777182663,-15.974525654135487],[108.37257262977752,-15.974525654135487]]],"type":"Polygon"},"id":"candidate-0455","properties":{},"type":"Feature"},{"geometry":{"coordinates":[[[89.6099708819789,-37.641413610054485],[89.6099708819789,-36.1090590137822],[91.64664234778336,-36.1090590137822],[91.64664234778336,-37.641413610054485],[89.6099708819789,-37.641413610054485]]],"type":"Polygon"},"id":"candidate-0456","properties":{},"type":"Feature"},{"geometry":{"coordinates":[[[-2.1669781154505707,16.12901528274042],[-2.1669781154505707,17.413255283885725],[-0.4221984032097672,17.413255283885725],[-0.4221984032097672,16.12901528274042],[-2.1669781154505707,16.12901528274042]]],"type":"Polygon"},"id":"candidate-0457","properties":{},"type":"Feature"},{"geometry":{"coordinates":[[[-75.05131683985195,-19.4706399182434],[-75.05131683985195,-18.95489914399564],[-74.42982140276777,-18.95489914399564],[-74.42982140276777,-19.4706399182434],[-75.05131683985195,-19.4706399182434]]],"type":"Polygon"},"id":"candidate-0458","properties":{},"type":"Feature"},{"geometry":{"coordinates":[[[69.66152618432858,35.383792477491404],[69.66152618432858,37.6245675611025],[71.03546909408198,37.6245675611025],[71.03546909408198,35.383792477491404],[69.66152618432858,35.383792477491404]]],"type":"Polygon"},"id":"candidate-0459","properties":{},"type":"Feature"},{"geometry":{"coordinates":[[[23.03622935852982,-33.231356674268355],[23.03622935852982,-32.26364470168893],[23.380781745498812,-32.26364470168893],[23.380781745498812,-33.231356674268355],[23.03622935852982,-33.231356674268355]]],"type":"Polygon"},"id":"candidate-0460","properties":{},"type":"Feature"},{"geometry":{"coordinates":[[[-76.68207163209863,61.650868378088035],[-76.68207163209863,62.26701834619416],[-75.90310753790351,62.26701834619416],[-75.90310753790351,61.650868378088035],[-76.68207163209863,61.650868378088035]]],"type":"Polygon"},"id":"candidate-0461","properties":{},"type":"Feature"},{"geometry":{"coordinates":[[[-20.89717502172506,23.785624351518127],[-20.89717502172506,24.607758053051437],[-19.89679546149351,24.607758053051437],[-19.89679546149351,23.785624351518127],[-20.89717502172506,23.785624351518127]]],"type":"Polygon"},"id":"candidate-0462","properties":{},"type":"Feature"},{"geometry":{"coordinates":[[[-82.98631712055305,15.424732049723932],[-82.98631712055305,16.528968987801957],[-80.84333585079182,16.528968987801957],[-80.84333585079182,15.424732049723932],[-82.98631712055305,15.424732049723932]]],"type":"Polygon"},"id":"candidate-0463","properties":{},"type":"Feature"},{"geometry":{"coordinates":[[[153.56481112555235,26.704415251895146],[153.56481112555235,27.383203655983433],[154.6826623650275,27.383203655983433],[154.6826623650275,26.704415251895146],[153.56481112555235,26.704415251895146]]],"type":"Polygon"},"id":"candidate-0464","properties":{},"type":"Feature"},{"geometry":{"coordinates":[[[-121.16316440410347,-37.04242764422333],[-121.16316440410347,-35.60401128482152],[-119.42829713441469,-35.60401128482152],[-119.42829713441469,-37.04242764422333],[-121.16316440410347,-37.04242764422333]]],"type":"Polygon"},"id":"candidate-0465","properties":{},"type":"Feature"},{"geometry":{"coordinates":[[[145.1022632167089,31.61687800248758],[145.1022632167089,33.23933284409408],[147.22328785523112,33.23933284409408],[147.22328785523112,31.61687800248758],[145.1022632167089,31.61687800248758]]],"type":"Polygon"},"id":"candidate-0466","properties":{},"type":"Feature"},{"geometry":{"coordinates":[[[-41.751647943429504,-26.80148977201641],[-41.751647943429504,-26.396935013071605],[-40.02551216657034,-26.396935013071605],[-40.02551216657034,-26.80148977201641],[-41.751647943429504,-26.80148977201641]]],"type":"Polygon"},"id":"candidate-0467","properties":{},"type":"Feature"},{"geometry":{"coordinates":[[[159.10427723160888,-41.26538892517767],[159.10427723160888,-40.73456208680539],[160.02535011308316,-40.73456208680539],[160.02535011308316,-41.26538892517767],[159.10427723160888,-41.26538892517767]]],"type":"Polygon"},"id":"candidate-0468","properties":{},"type":"Feature"},{"geometry":{"coordinates":[[[0.8326704305974566,24.769649254490364],[0.8326704305974566,25.685633925175576],[2.421419623915856,25.685633925175576],[2.421419623915856,24.769649254490364],[0.8326704305974566,24.769649254490364]]],"type":"Polygon"},"id":"candidate-0469","properties":{},"type":"Feature"},{"geometry":{"coordinates":[[[-21.10596159840239,37.92930833394421],[-21.10596159840239,40.005927495636065],[-19.329521980539564,40.005927495636065],[-19.329521980539564,37.92930833394421],[-21.10596159840239,37.92930833394421]]],"type":"Polygon"},"id":"candidate-0470","properties":{},"type":"Feature"},{"geometry":{"coordinates":[[[-162.94296511101962,47.51436846216355],[-162.94296511101962,48.951837634083496],[-161.00327064266892,48.951837634083496],[-161.00327064266892,47.51436846216355],[-162.94296511101962,47.51436846216355]]],"type":"Polygon"},"id":"candidate-0471","properties":{},"type":"Feature"},{"geometry":{"coordinates":[[[-145.86373887609085,-18.29028797441544],[-145.86373887609085,-16.243504792563154],[-144.36818848465634,-16.243504792563154],[-144.36818848465634,-18.29028797441544],[-145.86373887609085,-18.29028797441544]]],"type":"Polygon"},"id":"candidate-0472","properties":{},"type":"Feature"},{"geometry":{"coordinates":[[[147.28693169223678,-18.244542532239553],[147.28693169223678,-15.895403512068352],[149.05897872509726,-15.895403512068352],[149.05897872509726,-18.244542532239553],[147.28693169223678,-18.244542532239553]]],"type":"Polygon"},"id":"candidate-0473","properties":{},"type":"Feature"},{"geometry":{"coordinates":[[[-24.528303235979433,-8.124281459473163],[-24.528303235979433,-6.3693998968896635],[-22.256345209298377,-6.3693998968896635],[-22.256345209298377,-8.124281459473163],[-24.528303235979433,-8.124281459473163]]],"type":"Polygon"},"id":"candidate-0474","properties":{},"type":"Feature"},{"geometry":{"coordinates":[[[153.77119836530184,-2.1602863724357135],[153.77119836530184,0.06356074122835076],[155.71102606979744,0.06356074122835076],[155.71102606979744,-2.1602863724357135],[153.77119836530184,-2.1602863724357135]]],"type":"Polygon"},"id":"candidate-0475","properties":{},"type":"Feature"},{"geometry":{"coordinates":[[[-168.2429436404808,33.01626365324934],[-168.2429436404808,35.05997101908646],[-166.1244755830794,35.05997101908646],[-166.1244755830794,33.01626365324934],[-168.2429436404808,33.01626365324934]]],"type":"Polygon"},"id":"candidate-0476","properties":{},"type":"Feature"},{"geometry":{"coordinates":[[[-167.13456063402202,41.99632626139642],[-167.13456063402202,43.68151479355559],[-166.31787972978753,43.68151479355559],[-166.31787972978753,41.99632626139642],[-167.13456063402202,41.99632626139642]]],"type":"Polygon"},"id":"candidate-0477","properties":{},"type":"Feature"},{"geometry":{"coordinates":[[[-44.20122270532493,12.80521000418167],[-44.20122270532493,13.836414375708703],[-42.69363723201196,13.836414375708703],[-42.69363723201196,12.80521000418167],[-44.20122270532493,12.80521000418167]]],"type":"Polygon"},"id":"candidate-0478","properties":{},"type":"Feature"},{"geometry":{"coordinates":[[[95.36109517189345,57.414281127104545],[95.36109517189345,57.90511616380056],[97.65242035776373,57.90511616380056],[97.65242035776373,57.414281127104545],[95.36109517189345,57.414281127104545]]],"type":"Polygon"},"id":"candidate-0479","properties":{},"type":"Feature"},{"geometry":{"coordinates":[[[-0.013000801576209642,7.692835744149223],[-0.013000801576209642,8.422556583103413],[1.2626347241048972,8.422556583103413],[1.2626347241048972,7.692835744149223],[-0.013000801576209642,7.692835744149223]]],"type":"Polygon"},"id":"candidate-0480","properties":{},"type":"Feature"},{"geometry":{"coordinates":[[[28.950775677074905,-25.43061793357872],[28.950775677074905,-24.7378064821831],[30.177212370577916,-24.7378064821831],[30.177212370577916,-25.43061793357872],[28.950775677074905,-25.43061793357872]]],"type":"Polygon"},"id":"candidate-0481","properties":{},"type":"Feature"},{"geometry":{"coordinates":[[[-146.608577242697,-0.9605509219179562],[-146.608577242697,0.7955441443813238],[-146.09238366615094,0.7955441443813238],[-146.09238366615094,-0.9605509219179562],[-146.608577242697,-0.9605509219179562]]],"type":"Polygon"},"id":"candidate-0482","properties":{},"type":"Feature"},{"geometry":{"coordinates":[[[-28.148189880647973,-26.256642048661586],[-28.148189880647973,-25.23965792706557],[-26.188077039536214,-25.23965792706557],[-26.188077039536214,-26.256642048661586],[-28.148189880647973,-26.256642048661586]]],"type":"Polygon"},"id":"candidate-0483","properties":{},"type":"Feature"},{"geometry":{"coordinates":[[[-152.79741784038552,-38.9635213967557],[-152.79741784038552,-36.938213795860214],[-150.8275114328143,-36.938213795860214],[-150.8275114328143,-38.9635213967557],[-152.79741784038552,-38.9635213967557]]],"type":"Polygon"},"id":"candidate-0484","properties":{},"type":"Feature"},{"geometry":{"coordinates":[[[89.46210082351658,46.59781487881973],[89.46210082351658,48.97272029153133],[90.9096955320828,48.97272029153133],[90.9096955320828,46.59781487881973],[89.46210082351658,46.59781487881973]]],"type":"Polygon"},"id":"candidate-0485","properties":{},"type":"Feature"},{"geometry":{"coordinates":[[[107.9708645313961,-18.462893916370707],[107.9708645313961,-17.13000446854252],[109.48587380814325,-17.13000446854252],[109.48587380814325,-18.462893916370707],[107.9708645313961,-18.462893916370707]]],"type":"Polygon"},"id":"candidate-0486","properties":{},"type":"Feature"},{"geometry":{"coordinates":[[[28.613765165221135,-15.986657034119808],[28.613765165221135,-14.840971809590464],[29.997687335085747,-14.840971809590464],[29.997687335085747,-15.986657034119808],[28.613765165221135,-15.986657034119808]]],"type":"Polygon"},"id":"candidate-0487","properties":{},"type":"Feature"},{"geometry":{"coordinates":[[[160.14453822550004,39.02381396342695],[160.14453822550004,41.41075268175937],[161.35257664634204,41.41075268175937],[161.35257664634204,39.02381396342695],[160.14453822550004,39.02381396342695]]],"type":"Polygon"},"id":"candidate-0488","properties":{},"type":"Feature"},{"geometry":{"coordinates":[[[-72.02850788711336,-40.54128260998981],[-72.02850788711336,-39.212889153848764],[-71.60140513161173,-39.212889153848764],[-71.60140513161173,-40.54128260998981],[-72.02850788711336,-40.54128260998981]]],"type":"Polygon"},"id":"candidate-0489","properties":{},"type":"Feature"},{"geometry":{"coordinates":[[[163.47463212212676,-25.06342059661228],[163.47463212212676,-23.467042174801843],[164.87570371114498,-23.467042174801843],[164.87570371114498,-25.06342059661228],[163.47463212212676,-25.06342059661228]]],"type":"Polygon"},"id":"candidate-0490","properties":{},"type":"Feature"},{"geometry":{"coordinates":[[[24.09368621841335,56.07171663297272],[24.09368621841335,56.56861107904565],[24.586229407396875,56.56861107904565],[24.586229407396875,56.07171663297272],[24.09368621841335,56.07171663297272]]],"type":"Polygon"},"id":"candidate-0491","properties":{},"type":"Feature"},{"geometry":{"coordinates":[[[-135.81782566437576,6.8861549073909245],[-135.81782566437576,8.516341981545771],[-134.1905223217548,8.516341981545771],[-134.1905223217548,6.8861549073909245],[-135.81782566437576,6.8861549073909245]]],"type":"Polygon"},"id":"candidate-0492","properties":{},"type":"Feature"},{"geometry":{"coordinates":[[[157.5104221843704,68.60560067861647],[157.5104221843704,71.00481495648927],[158.5564704430416,71.00481495648927],[158.5564704430416,68.60560067861647],[157.5104221843704,68.60560067861647]]],"type":"Polygon"},"id":"candidate-0493","properties":{},"type":"Feature"},{"geometry":{"coordinates":[[[-37.52704425558036,-48.4648797463887],[-37.52704425558036,-47.95025876911399],[-35.27394835986761,-47.95025876911399],[-35.27394835986761,-48.4648797463887],[-37.52704425558036,-48.4648797463887]]],"type":"Polygon"},"id":"candidate-0494","properties":{},"type":"Feature"},{"geometry":{"coordinates":[[[-90.29991172915692,-27.72909452486883],[-90.29991172915692,-26.571955925207295],[-89.31349736400597,-26.571955925207295],[-89.31349736400597,-27.72909452486883],[-90.29991172915692,-27.72909452486883]]],"type":"Polygon"},"id":"candidate-0495","properties":{},"type":"Feature"},{"geometry":{"coordinates":[[[98.39656961792826,56.87731409452469],[98.39656961792826,58.88514899039315],[100.30771829008864,58.88514899039315],[100.30771829008864,56.87731409452469],[98.39656961792826,56.87731409452469]]],"type":"Polygon"},"id":"candidate-0496","properties":{},"type":"Feature"},{"geometry":{"coordinates":[[[-140.62797759239098,71.44531091484268],[-140.62797759239098,73.55736775675288],[-138.30613635262907,73.55736775675288],[-138.30613635262907,71.44531091484268],[-140.62797759239098,71.44531091484268]]],"type":"Polygon"},"id":"candidate-0497","properties":{},"type":"Feature"},{"geometry":{"coordinates":[[[103.45052705861079,73.58401645988901],[103.45052705861079,74.62214332179265],[104.81490089201881,74.62214332179265],[104.81490089201881,73.58401645988901],[103.45052705861079,73.58401645988901]]],"type":"Polygon"},"id":"candidate-0498","properties":{},"type":"Feature"},{"geometry":{"coordinates":[[[14.346233488312986,8.030620354052619],[14.346233488312986,8.817158838731626],[16.60799731236482,8.817158838731626],[16.60799731236482,8.030620354052619],[14.346233488312986,8.030620354052619]]],"type":"Polygon"},"id":"candidate-0499","properties":{},"type":"Feature"},{"geometry":{"coordinates":[[[-137.49054903539312,-23.17990421781249],[-137.49054903539312,-21.849497829776215],[-136.61798508972467,-21.849497829776215],[-136.61798508972467,-23.17990421781249],[-137.49054903539312,-23.17990421781249]]],"type":"Polygon"},"id":"candidate-0500","properties":{},"type":"Feature"},{"geometry":{"coordinates":[[[99.20593393742924,59.89640406354481],[99.20593393742924,61.45806290975388],[99.91218727627584,61.45806290975388],[99.91218727627584,59.89640406354481],[99.20593393742924,59.89640406354481]]],"type":"Polygon"},"id":"candidate-0501","properties":{},"type":"Feature"},{"geometry":{"coordinates":[[[-81.23987859276026,9.768638838365653],[-81.23987859276026,10.908343688533314],[-79.04405888369295,10.908343688533314],[-79.04405888369295,9.768638838365653],[-81.23987859276026,9.768638838365653]]],"type":"Polygon"},"id":"candidate-0502","properties":{},"type":"Feature"},{"geometry":{"coordinates":[[[128.5848222058086,23.96508456730392],[128.5848222058086,24.598536297607765],[130.7988129109136,24.598536297607765],[130.7988129109136,23.96508456730392],[128.5848222058086,23.96508456730392]]],"type":"Polygon"},"id":"candidate-0503","properties":{},"type":"Feature"},{"geometry":{"coordinates":[[[-43.7428214300148,27.07693711668962],[-43.7428214300148,29.53338367376834],[-42.81643331905428,29.53338367376834],[-42.81643331905428,27.07693711668962],[-43.7428214300148,27.07693711668962]]],"type":"Polygon"},"id":"candidate-0504","properties":{},"type":"Feature"},{"geometry":{"coordinates":[[[-84.47560623263027,-15.262857479054883],[-84.47560623263027,-14.142806838718773],[-83.78546363228446,-14.142806838718773],[-83.78546363228446,-15.262857479054883],[-84.47560623263027,-15.262857479054883]]],"type":"Polygon"},"id":"candidate-0505","properties":{},"type":"Feature"},{"geometry":{"coordinates":[[[95.11012727617091,-10.487035897011888],[95.11012727617091,-9.929504516072233],[96.08705445781155,-9.929504516072233],[96.08705445781155,-10.487035897011888],[95.11012727617091,-10.487035897011888]]],"type":"Polygon"},"id":"candidate-0506","properties":{},"type":"Feature"},{"geometry":{"coordinates":[[[-110.45604818797176,33.689210358683255],[-110.45604818797176,35.96590143036107],[-108.97570940648865,35.96590143036107],[-108.97570940648865,33.689210358683255],[-110.45604818797176,33.689210358683255]]],"type":"Polygon"},"id":"candidate-0507","properties":{},"type":"Feature"},{"geometry":{"coordinates":[[[97.71687940977901,32.32583044432099],[97.71687940977901,34.58792050886992],[99.51636466691812,34.58792050886992],[99.51636466691812,32.32583044432099],[97.71687940977901,32.32583044432099]]],"type":"Polygon"},"id":"candidate-0508","properties":{},"type":"Feature"},{"geometry":{"coordinates":[[[47.94229896537754,-41.584778517149594],[47.94229896537754,-40.158412487813486],[49.22350342382007,-40.158412487813486],[49.22350342382007,-41.584778517149594],[47.94229896537754,-41.584778517149594]]],"type":"Polygon"},"id":"candidate-0509","properties":{},"type":"Feature"},{"geometry":{"coordinates":[[[-135.7106623215331,-4.585273923716526],[-135.7106623215331,-3.277499217467908],[-134.24356465279277,-3.277499217467908],[-134.24356465279277,-4.585273923716526],[-135.7106623215331,-4.585273923716526]]],"type":"Polygon"},"id":"candidate-0510","properties":{},"type":"Feature"},{"geometry":{"coordinates":[[[117.9946857742104,-8.39970680440256],[117.9946857742104,-6.09321355460268],[118.61472716197083,-6.09321355460268],[118.61472716197083,-8.39970680440256],[117.9946857742104,-8.39970680440256]]],"type":"Polygon"},"id":"candidate-0511","properties":{},"type":"Feature"},{"geometry":{"coordinates":[[[-53.63908014539388,-30.00141654313832],[-53.63908014539388,-28.343020865960632],[-52.8266908415579,-28.343020865960632],[-52.8266908415579,-30.00141654313832],[-53.63908014539388,-30.00141654313832]]],"type":"Polygon"},"id":"candidate-0512","properties":{},"type":"Feature"},{"geometry":{"coordinates":[[[-132.28809840793375,55.32717611921274],[-132.28809840793375,56.19431008973103],[-131.71779716788828,56.19431008973103],[-131.71779716788828,55.32717611921274],[-132.28809840793375,55.32717611921274]]],"type":"Polygon"},"id":"candidate-0513","properties":{},"type":"Feature"},{"geometry":{"coordinates":[[[-40.764003763786576,50.393674877292575],[-40.764003763786576,51.19946141948949],[-39.571584180494625,51.19946141948949],[-39.571584180494625,50.393674877292575],[-40.764003763786576,50.393674877292575]]],"type":"Polygon"},"id":"candidate-0514","properties":{},"type":"Feature"},{"geometry":{"coordinates":[[[48.34847704711884,-19.33176541169387],[48.34847704711884,-18.938892120937023],[49.74535933912902,-18.938892120937023],[49.74535933912902,-19.33176541169387],[48.34847704711884,-19.33176541169387]]],"type":"Polygon"},"id":"candidate-0515","properties":{},"type":"Feature"},{"geometry":{"coordinates":[[[-146.5268278243246,56.518720339154505],[-146.5268278243246,58.31365793769006],[-144.94727883857243,58.31365793769006],[-144.94727883857243,56.518720339154505],[-146.5268278243246,56.518720339154505]]],"type":"Polygon"},"id":"candidate-0516","properties":{},"type":"Feature"},{"geometry":{"coordinates":[[[102.73607209550609,-44.72777417908855],[102.73607209550609,-44.218088702820374],[103.70278265432329,-44.218088702820374],[103.70278265432329,-44.72777417908855],[102.73607209550609,-44.72777417908855]]],"type":"Polygon"},"id":"candidate-0517","properties":{},"type":"Feature"},{"geometry":{"coordinates":[[[-28.79937958615643,26.83560419546385],[-28.79937958615643,27.196425742268893],[-27.733989513956818,27.196425742268893],[-27.733989513956818,26.83560419546385],[-28.79937958615643,26.83560419546385]]],"type":"Polygon"},"id":"candidate-0518","properties":{},"type":"Feature"},{"geometry":{"coordinates":[[[-92.70075067059364,23.596738811454596],[-92.70075067059364,25.35481252994089],[-91.05335425506291,25.35481252994089],[-91.05335425506291,23.596738811454596],[-92.70075067059364,23.596738811454596]]],"type":"Polygon"},"id":"candidate-0519","properties":{},"type":"Feature"},{"geometry":{"coordinates":[[[139.43246611720988,15.524957228534173],[139.43246611720988,17.428576896620985],[141.2220337385173,17.428576896620985],[141.2220337385173,15.524957228534173],[139.43246611720988,15.524957228534173]]],"type":"Polygon"},"id":"candidate-0520","properties":{},"type":"Feature"},{"geometry":{"coordinates":[[[33.50429274665679,71.53214138973749],[33.50429274665679,71.93597446650037],[33.8891649477351,71.93597446650037],[33.8891649477351,71.53214138973749],[33.50429274665679,71.53214138973749]]],"type":"Polygon"},"id":"candidate-0521","properties":{},"type":"Feature"},{"geometry":{"coordinates":[[[29.5101081364147,13.852902233555445],[29.5101081364147,15.875742001218905],[30.559261554492835,15.875742001218905],[30.559261554492835,13.852902233555445],[29.5101081364147,13.852902233555445]]],"type":"Polygon"},"id":"candidate-0522","properties":{},"type":"Feature"},{"geometry":{"coordinates":[[[39.69171857650011,-50.52058086204852],[39.69171857650011,-49.66769757382252],[41.00132081811219,-49.66769757382252],[41.00132081811219,-50.52058086204852],[39.69171857650011,-50.52058086204852]]],"type":"Polygon"},"id":"candidate-0523","properties":{},"type":"Feature"},{"geometry":{"coordinates":[[[-50.61821152165374,24.447261727180386],[-50.61821152165374,26.57924882589366],[-49.904508792492344,26.57924882589366],[-49.904508792492344,24.447261727180386],[-50.61821152165374,24.447261727180386]]],"type":"Polygon"},"id":"candidate-0524","properties":{},"type":"Feature"},{"geometry":{"coordinates":[[[23.34426742625998,-18.885362438273624],[23.34426742625998,-18.583681466658923],[25.071045929827914,-18.583681466658923],[25.071045929827914,-18.885362438273624],[23.34426742625998,-18.885362438273624]]],"type":"Polygon"},"id":"candidate-0525","properties":{},"type":"Feature"},{"geometry":{"coordinates":[[[68.6906344077614,-27.127545084101115],[68.6906344077614,-26.53198157933982],[69.50609208375525,-26.53198157933982],[69.50609208375525,-27.127545084101115],[68.6906344077614,-27.127545084101115]]],"type":"Polygon"},"id":"candidate-0526","properties":{},"type":"Feature"},{"geometry":{"coordinates":[[[116.9160983516376,-30.192642391056616],[116.9160983516376,-29.673612295918304],[118.29018771649945,-29.673612295918304],[118.29018771649945,-30.192642391056616],[116.9160983516376,-30.192642391056616]]],"type":"Polygon"},"id":"candidate-0527","properties":{},"type":"Feature"},{"geometry":{"coordinates":[[[-101.81723673299389,47.0800914287997],[-101.81723673299389,48.90491952226294],[-99.8949931797981,48.90491952226294],[-99.8949931797981,47.0800914287997],[-101.81723673299389,47.0800914287997]]],"type":"Polygon"},"id":"candidate-0528","properties":{},"type":"Feature"},{"geometry":{"coordinates":[[[116.67082229727345,45.81185918721381],[116.67082229727345,46.15853669620243],[117.91774209136071,46.15853669620243],[117.91774209136071,45.81185918721381],[116.67082229727345,45.81185918721381]]],"type":"Polygon"},"id":"candidate-0529","properties":{},"type":"Feature"},{"geometry":{"coordinates":[[[44.62542402648043,-26.382156989253772],[44.62542402648043,-24.760184168527005],[46.564002476399224,-24.760184168527005],[46.564002476399224,-26.382156989253772],[44.62542402648043,-26.382156989253772]]],"type":"Polygon"},"id":"candidate-0530","properties":{},"type":"Feature"},{"geometry":{"coordinates":[[[20.801238495730477,45.22745144139735],[20.801238495730477,46.2134758557042],[22.524593410322293,46.2134758557042],[22.524593410322293,45.22745144139735],[20.801238495730477,45.22745144139735]]],"type":"Polygon"},"id":"candidate-0531","properties":{},"type":"Feature"},{"geometry":{"coordinates":[[[169.03027495954527,55.5355629304407],[169.03027495954527,56.40652226677452],[170.06636993479256,56.40652226677452],[170.06636993479256,55.5355629304407],[169.03027495954527,55.5355629304407]]],"type":"Polygon"},"id":"candidate-0532","properties":{},"type":"Feature"},{"geometry":{"coordinates":[[[-65.70581390324213,37.756807238277325],[-65.70581390324213,39.692010112913614],[-65.27327469427098,39.692010112913614],[-65.27327469427098,37.756807238277325],[-65.70581390324213,37.756807238277325]]],"type":"Polygon"},"id":"candidate-0533","properties":{},"type":"Feature"},{"geometry":{"coordinates":[[[108.6872075822979,22.388990406853],[108.6872075822979,23.82019860880757],[110.52500855053984,23.82019860880757],[110.52500855053984,22.388990406853],[108.6872075822979,22.388990406853]]],"type":"Polygon"},"id":"candidate-0534","properties":{},"type":"Feature"},{"geometry":{"coordinates":[[[127.30505972234178,58.44291141662388],[127.30505972234178,59.42802378101069],[128.0734262619662,59.42802378101069],[128.0734262619662,58.44291141662388],[127.30505972234178,58.44291141662388]]],"type":"Polygon"},"id":"candidate-0535","properties":{},"type":"Feature"},{"geometry":{"coordinates":[[[151.998350222866,44.522093098708126],[151.998350222866,46.29524308903078],[153.67518935832328,46.29524308903078],[153.67518935832328,44.522093098708126],[151.998350222866,44.522093098708126]]],"type":"Polygon"},"id":"candidate-0536","properties":{},"type":"Feature"},{"geometry":{"coordinates":[[[-123.72665854247975,-37.30189692441924],[-123.72665854247975,-36.16042807285858],[-121.62391342635073,-36.16042807285858],[-121.62391342635073,-37.30189692441924],[-123.72665854247975,-37.30189692441924]]],"type":"Polygon"},"id":"candidate-0537","properties":{},"type":"Feature"},{"geometry":{"coordinates":[[[-40.62940689847353,23.77280141494231],[-40.62940689847353,24.416581044652954],[-39.02884310427821,24.416581044652954],[-39.02884310427821,23.77280141494231],[-40.62940689847353,23.77280141494231]]],"type":"Polygon"},"id":"candidate-0538","properties":{},"type":"Feature"},{"geometry":{"coordinates":[[[112.58442959623808,71.22761549895588],[112.58442959623808,72.57739295660514],[113.57973186384815,72.57739295660514],[113.57973186384815,71.22761549895588],[112.58442959623808,71.22761549895588]]],"type":"Polygon"},"id":"candidate-0539","properties":{},"type":"Feature"},{"geometry":{"coordinates":[[[90.43215163011445,-49.254459052833],[90.43215163011445,-47.5969255940455],[91.00674797267078,-47.5969255940455],[91.00674797267078,-49.254459052833],[90.43215163011445,-49.254459052833]]],"type":"Polygon"},"id":"candidate-0540","properties":{},"type":"Feature"},{"geometry":{"coordinates":[[[-121.1815076772294,3.746378582052783],[-121.1815076772294,6.150047805724215],[-120.63385821816414,6.150047805724215],[-120.63385821816414,3.746378582052783],[-121.1815076772294,3.746378582052783]]],"type":"Polygon"},"id":"candidate-0541","properties":{},"type":"Feature"},{"geometry":{"coordinates":[[[48.23327749803977,4.956933134251416],[48.23327749803977,5.556366694546369],[49.59220210348022,5.556366694546369],[49.59220210348022,4.956933134251416],[48.23327749803977,4.956933134251416]]],"type":"Polygon"},"id":"candidate-0542","properties":{},"type":"Feature"},{"geometry":{"coordinates":[[[112.26794043271065,67.63372700374673],[112.26794043271065,68.02959530774034],[114.39009428226467,68.02959530774034],[114.39009428226467,67.63372700374673],[112.26794043271065,67.63372700374673]]],"type":"Polygon"},"id":"candidate-0543","properties":{},"type":"Feature"},{"geometry":{"coordinates":[[[-89.08127707291484,49.13412385831375],[-89.08127707291484,49.68308363164412],[-88.76023753218888,49.68308363164412],[-88.76023753218888,49.13412385831375],[-89.08127707291484,49.13412385831375]]],"type":"Polygon"},"id":"candidate-0544","properties":{},"type":"Feature"},{"geometry":{"coordinates":[[[-160.28864035343415,-49.93713163969159],[-160.28864035343415,-49.15659779587819],[-159.17361875759926,-49.15659779587819],[-159.17361875759926,-49.93713163969159],[-160.28864035343415,-49.93713163969159]]],"type":"Polygon"},"id":"candidate-0545","properties":{},"type":"Feature"},{"geometry":{"coordinates":[[[-21.98645712452592,-39.42025286701972],[-21.98645712452592,-38.68687482931147],[-19.960971627200557,-38.68687482931147],[-19.960971627200557,-39.42025286701972],[-21.98645712452592,-39.42025286701972]]],"type":"Polygon"},"id":"candidate-0546","properties":{},"type":"Feature"},{"geometry":{"coordinates":[[[129.85595946015908,38.44612336785781],[129.85595946015908,40.465435543569754],[131.71221462989317,40.465435543569754],[131.71221462989317,38.44612336785781],[129.85595946015908,38.44612336785781]]],"type":"Polygon"},"id":"candidate-0547","properties":{},"type":"Feature"},{"geometry":{"coordinates":[[[102.18752178402087,13.409448549141585],[102.18752178402087,14.144377612116587],[104.57432848990447,14.144377612116587],[104.57432848990447,13.409448549141585],[102.18752178402087,13.409448549141585]]],"type":"Polygon"},"id":"candidate-0548","properties":{},"type":"Feature"},{"geometry":{"coordinates":[[[118.6745606788941,34.55153069426254],[118.6745606788941,36.73861226220862],[119.40340531620413,36.73861226220862],[119.40340531620413,34.55153069426254],[118.6745606788941,34.55153069426254]]],"type":"Polygon"},"id":"candidate-0549","properties":{},"type":"Feature"},{"geometry":{"coordinates":[[[-75.69860478278913,7.146735439141724],[-75.69860478278913,9.462921810150545],[-74.00541757632884,9.462921810150545],[-74.00541757632884,7.146735439141724],[-75.69860478278913,7.146735439141724]]],"type":"Polygon"},"id":"candidate-0550","properties":{},"type":"Feature"},{"geometry":{"coordinates":[[[2.4343886202907288,-38.28318852612133],[2.4343886202907288,-35.783317712749586],[3.1960745628386076,-35.783317712749586],[3.1960745628386076,-38.28318852612133],[2.4343886202907288,-38.28318852612133]]],"type":"Polygon"},"id":"candidate-0551","properties":{},"type":"Feature"},{"geometry":{"coordinates":[[[135.13734519661946,-32.67205236596148],[135.13734519661946,-31.31465923062652],[136.16752326892978,-31.31465923062652],[136.16752326892978,-32.67205236596148],[135.13734519661946,-32.67205236596148]]],"type":"Polygon"},"id":"candidate-0552","properties":{},"type":"Feature"},{"geometry":{"coordinates":[[[-12.666691283106635,30.469298892987045],[-12.666691283106635,32.86011106601154],[-11.653181391679576,32.86011106601154],[-11.653181391679576,30.469298892987045],[-12.666691283106635,30.469298892987045]]],"type":"Polygon"},"id":"candidate-0553","properties":{},"type":"Feature"},{"geometry":{"coordinates":[[[56.07856959310254,-20.508618374943257],[56.07856959310254,-18.783651873282576],[57.11689310837693,-18.783651873282576],[57.11689310837693,-20.508618374943257],[56.07856959310254,-20.508618374943257]]],"type":"Polygon"},"id":"candidate-0554","properties":{},"type":"Feature"},{"geometry":{"coordinates":[[[-99.58664186128755,28.23669104145555],[-99.58664186128755,30.376572802599718],[-97.17486363022775,30.376572802599718],[-97.17486363022775,28.23669104145555],[-99.58664186128755,28.23669104145555]]],"type":"Polygon"},"id":"candidate-0555","properties":{},"type":"Feature"},{"geometry":{"coordinates":[[[-166.41444271925064,-13.936090617468189],[-166.41444271925064,-12.592897856696744],[-164.33532767875607,-12.592897856696744],[-164.33532767875607,-13.936090617468189],[-166.41444271925064,-13.936090617468189]]],"type":"Polygon"},"id":"candidate-0556","properties":{},"type":"Feature"},{"geometry":{"coordinates":[[[101.22565276290382,4.873926466527959],[101.22565276290382,6.853126492805447],[102.64671255715947,6.853126492805447],[102.64671255715947,4.873926466527959],[101.22565276290382,4.873926466527959]]],"type":"Polygon"},"id":"candidate-0557","properties":{},"type":"Feature"},{"geometry":{"coordinates":[[[-134.0149907941279,-4.629438905456437],[-134.0149907941279,-4.16676754179163],[-133.60537691002415,-4.16676754179163],[-133.60537691002415,-4.629438905456437],[-134.0149907941279,-4.629438905456437]]],"type":"Polygon"},"id":"candidate-0558","properties":{},"type":"Feature"},{"geometry":{"coordinates":[[[-141.90885301632437,-31.690168674698995],[-141.90885301632437,-30.5083880124616],[-141.57035870919714,-30.5083880124616],[-141.57035870919714,-31.690168674698995],[-141.90885301632437,-31.690168674698995]]],"type":"Polygon"},"id":"candidate-0559","properties":{},"type":"Feature"},{"geometry":{"coordinates":[[[61.01513163762479,0.961193802228153],[61.01513163762479,2.40578159744686],[62.95860162651422,2.40578159744686],[62.95860162651422,0.961193802228153],[61.01513163762479,0.961193802228153]]],"type":"Polygon"},"id":"candidate-0560","properties":{},"type":"Feature"},{"geometry":{"coordinates":[[[37.583022565818396,-21.92559917087301],[37.583022565818396,-21.54507151277149],[39.021788220592384,-21.54507151277149],[39.021788220592384,-21.92559917087301],[37.583022565818396,-21.92559917087301]]],"type":"Polygon"},"id":"candidate-0561","properties":{},"type":"Feature"},{"geometry":{"coordinates":[[[-167.1071121043492,47.9752680467177],[-167.1071121043492,49.19837824784784],[-166.19703303922347,49.19837824784784],[-166.19703303922347,47.9752680467177],[-167.1071121043492,47.9752680467177]]],"type":"Polygon"},"id":"candidate-0562","properties":{},"type":"Feature"},{"geometry":{"coordinates":[[[-13.101462957715274,-42.674089250284105],[-13.101462957715274,-40.452296928479406],[-12.482338927749264,-40.452296928479406],[-12.482338927749264,-42.674089250284105],[-13.101462957715274,-42.674089250284105]]],"type":"Polygon"},"id":"candidate-0563","properties":{},"type":"Feature"},{"geometry":{"coordinates":[[[-23.51851674999204,46.30970499919991],[-23.51851674999204,48.255315805606585],[-21.638270744009397,48.255315805606585],[-21.638270744009397,46.30970499919991],[-23.51851674999204,46.30970499919991]]],"type":"Polygon"},"id":"candidate-0564","properties":{},"type":"Feature"},{"geometry":{"coordinates":[[[-149.52748346547355,-10.575876614918842],[-149.52748346547355,-10.058676105234694],[-149.1152048073178,-10.058676105234694],[-149.1152048073178,-10.575876614918842],[-149.52748346547355,-10.575876614918842]]],"type":"Polygon"},"id":"candidate-0565","properties":{},"type":"Feature"},{"geometry":{"coordinates":[[[-72.6496503817889,-14.979257505749615],[-72.6496503817889,-14.233580551568068],[-71.99498429969638,-14.233580551568068],[-71.99498429969638,-14.979257505749615],[-72.6496503817889,-14.979257505749615]]],"type":"Polygon"},"id":"candidate-0566","properties":{},"type":"Feature"},{"geometry":{"coordinates":[[[122.90112878158885,26.31869666377648],[122.90112878158885,28.572582619556755],[124.88457203046215,28.572582619556755],[124.88457203046215,26.31869666377648],[122.90112878158885,26.31869666377648]]],"type":"Polygon"},"id":"candidate-0567","properties":{},"type":"Feature"},{"geometry":{"coordinates":[[[16.06095050537831,36.76880037902831],[16.06095050537831,39.10100776066724],[18.42503828003399,39.10100776066724],[18.42503828003399,36.76880037902831],[16.06095050537831,36.76880037902831]]],"type":"Polygon"},"id":"candidate-0568","properties":{},"type":"Feature"},{"geometry":{"coordinates":[[[-31.582269498863887,-43.508948573672285],[-31.582269498863887,-41.33085859392911],[-30.80477363669477,-41.33085859392911],[-30.80477363669477,-43.508948573672285],[-31.582269498863887,-43.508948573672285]]],"type":"Polygon"},"id":"candidate-0569","properties":{},"type":"Feature"},{"geometry":{"coordinates":[[[-69.72755358888827,37.27002165692646],[-69.72755358888827,39.62043611164346],[-67.24061307755821,39.62043611164346],[-67.24061307755821,37.27002165692646],[-69.72755358888827,37.27002165692646]]],"type":"Polygon"},"id":"candidate-0570","properties":{},"type":"Feature"},{"geometry":{"coordinates":[[[104.42843682664852,-3.9085243802773193],[104.42843682664852,-3.0862364907221944],[106.83149356320791,-3.0862364907221944],[106.83149356320791,-3.9085243802773193],[104.42843682664852,-3.9085243802773193]]],"type":"Polygon"},"id":"candidate-0571","properties":{},"type":"Feature"},{"geometry":{"coordinates":[[[89.50265892894937,10.327124151739756],[89.50265892894937,11.285816944825992],[90.58225340720729,11.285816944825992],[90.58225340720729,10.327124151739756],[89.50265892894937,10.327124151739756]]],"type":"Polygon"},"id":"candidate-0572","properties":{},"type":"Feature"},{"geometry":{"coordinates":[[[-74.65246322288455,-46.759168241244204],[-74.65246322288455,-46.260632758830575],[-74.07845083992733,-46.260632758830575],[-74.07845083992733,-46.759168241244204],[-74.65246322288455,-46.759168241244204]]],"type":"Polygon"},"id":"candidate-0573","properties":{},"type":"Feature"},{"geometry":{"coordinates":[[[50.28283096218874,20.455618533398077],[50.28283096218874,22.680775821914498],[52.417411435047626,22.680775821914498],[52.417411435047626,20.455618533398077],[50.28283096218874,20.455618533398077]]],"type":"Polygon"},"id":"candidate-0574","properties":{},"type":"Feature"},{"geometry":{"coordinates":[[[133.9604067789065,-14.976754040469414],[133.9604067789065,-12.759845990230334],[135.52140161105197,-12.759845990230334],[135.52140161105197,-14.976754040469414],[133.9604067789065,-14.976754040469414]]],"type":"Polygon"},"id":"candidate-0575","properties":{},"type":"Feature"},{"geometry":{"coordinates":[[[-108.58808295208557,67.42091829295774],[-108.58808295208557,69.12524847169217],[-107.56464529493651,69.12524847169217],[-107.56464529493651,67.42091829295774],[-108.58808295208557,67.42091829295774]]],"type":"Polygon"},"id":"candidate-0576","properties":{},"type":"Feature"},{"geometry":{"coordinates":[[[104.51364788750931,33.46768987622394],[104.51364788750931,35.88546242656054],[104.95010948752491,35.88546242656054],[104.95010948752491,33.46768987622394],[104.51364788750931,33.46768987622394]]],"type":"Polygon"},"id":"candidate-0577","properties":{},"type":"Feature"},{"geometry":{"coordinates":[[[-98.57683640338911,-15.390501024850995],[-98.57683640338911,-14.103984245280909],[-96.52909326763404,-14.103984245280909],[-96.52909326763404,-15.390501024850995],[-98.57683640338911,-15.390501024850995]]],"type":"Polygon"},"id":"candidate-0578","properties":{},"type":"Feature"},{"geometry":{"coordinates":[[[70.13591221598841,-6.018683458839609],[70.13591221598841,-5.520343548375388],[71.65152953335695,-5.520343548375388],[71.65152953335695,-6.018683458839609],[70.13591221598841,-6.018683458839609]]],"type":"Polygon"},"id":"candidate-0579","properties":{},"type":"Feature"},{"geometry":{"coordinates":[[[-72.72717600163503,12.49475109174292],[-72.72717600163503,13.930945955419908],[-71.97265957597111,13.930945955419908],[-71.97265957597111,12.49475109174292],[-72.72717600163503,12.49475109174292]]],"type":"Polygon"},"id":"candidate-0580","properties":{},"type":"Feature"},{"geometry":{"coordinates":[[[-40.180399713033054,45.59253431730324],[-40.180399713033054,46.220652390703115],[-39.13134769743205,46.220652390703115],[-39.13134769743205,45.59253431730324],[-40.180399713033054,45.59253431730324]]],"type":"Polygon"},"id":"candidate-0581","properties":{},"type":"Feature"},{"geometry":{"coordinates":[[[11.924488802060912,-51.6941503531353],[11.924488802060912,-50.40438671690079],[13.292994661070518,-50.40438671690079],[13.292994661070518,-51.6941503531353],[11.924488802060912,-51.6941503531353]]],"type":"Polygon"},"id":"candidate-0582","properties":{},"type":"Feature"},{"geometry":{"coordinates":[[[-104.54463434158188,-2.404219353457348],[-104.54463434158188,-0.9322072631885323],[-102.15425827569081,-0.9322072631885323],[-102.15425827569081,-2.404219353457348],[-104.54463434158188,-2.404219353457348]]],"type":"Polygon"},"id":"candidate-0583","properties":{},"type":"Feature"},{"geometry":{"coordinates":[[[-95.76302947204704,-11.956125817194929],[-95.76302947204704,-9.943817919823347],[-95.33166510951716,-9.943817919823347],[-95.33166510951716,-11.956125817194929],[-95.76302947204704,-11.956125817194929]]],"type":"Polygon"},"id":"candidate-0584","properties":{},"type":"Feature"},{"geometry":{"coordinates":[[[-26.732467243541414,57.50745606986737],[-26.732467243541414,58.63006662421996],[-26.207399862440006,58.63006662421996],[-26.207399862440006,57.50745606986737],[-26.732467243541414,57.50745606986737]]],"type":"Polygon"},"id":"candidate-0585","properties":{},"type":"Feature"},{"geometry":{"coordinates":[[[43.25258581651259,-33.02163464335323],[43.25258581651259,-31.068032276414108],[44.24797114466979,-31.068032276414108],[44.24797114466979,-33.02163464335323],[43.25258581651259,-33.02163464335323]]],"type":"Polygon"},"id":"candidate-0586","properties":{},"type":"Feature"},{"geometry":{"coordinates":[[[-165.86762814034097,24.538214987999346],[-165.86762814034097,26.56719359455925],[-164.10575344649504,26.56719359455925],[-164.10575344649504,24.538214987999346],[-165.86762814034097,24.538214987999346]]],"type":"Polygon"},"id":"candidate-0587","properties":{},"type":"Feature"},{"geometry":{"coordinates":[[[-123.90944755944469,34.690136017045745],[-123.90944755944469,36.496810334827614],[-123.30983584672668,36.496810334827614],[-123.30983584672668,34.690136017045745],[-123.90944755944469,34.690136017045745]]],"type":"Polygon"},"id":"candidate-0588","properties":{},"type":"Feature"},{"geometry":{"coordinates":[[[168.5063745512618,-19.030389967183158],[168.5063745512618,-16.658042179521427],[168.86525540332903,-16.658042179521427],[168.86525540332903,-19.030389967183158],[168.5063745512618,-19.030389967183158]]],"type":"Polygon"},"id":"candidate-0589","properties":{},"type":"Feature"},{"geometry":{"coordinates":[[[37.87406380954224,71.70799787781594],[37.87406380954224,73.63678950347297],[38.180348018377394,73.63678950347297],[38.180348018377394,71.70799787781594],[37.87406380954224,71.70799787781594]]],"type":"Polygon"},"id":"candidate-0590","properties":{},"type":"Feature"},{"geometry":{"coordinates":[[[-21.09107142662587,-55.27004723150733],[-21.09107142662587,-52.851938454520656],[-19.986257626771607,-52.851938454520656],[-19.986257626771607,-55.27004723150733],[-21.09107142662587,-55.27004723150733]]],"type":"Polygon"},"id":"candidate-0591","properties":{},"type":"Feature"},{"geometry":{"coordinates":[[[112.2904507739509,-29.022394430273277],[112.2904507739509,-26.872671357269564],[113.90082905948687,-26.872671357269564],[113.90082905948687,-29.022394430273277],[112.2904507739509,-29.022394430273277]]],"type":"Polygon"},"id":"candidate-0592","properties":{},"type":"Feature"},{"geometry":{"coordinates":[[[-36.39263778093425,11.924422102451816],[-36.39263778093425,14.330283729952297],[-34.47761852628645,14.330283729952297],[-34.47761852628645,11.924422102451816],[-36.39263778093425,11.924422102451816]]],"type":"Polygon"},"id":"candidate-0593","properties":{},"type":"Feature"},{"geometry":{"coordinates":[[[-78.38168270385397,63.30236206141582],[-78.38168270385397,64.11128324563468],[-76.42370178265828,64.11128324563468],[-76.42370178265828,63.30236206141582],[-78.38168270385397,63.30236206141582]]],"type":"Polygon"},"id":"candidate-0594","properties":{},"type":"Feature"},{"geometry":{"coordinates":[[[114.1866014758475,-27.976540546146936],[114.1866014758475,-27.281088509381256],[115.09230089058384,-27.281088509381256],[115.09230089058384,-27.976540546146936],[114.1866014758475,-27.976540546146936]]],"type":"Polygon"},"id":"candidate-0595","properties":{},"type":"Feature"},{"geometry":{"coordinates":[[[-79.24257140216679,30.293857219959534],[-79.24257140216679,31.581948154987373],[-77.70766979969545,31.581948154987373],[-77.70766979969545,30.293857219959534],[-79.24257140216679,30.293857219959534]]],"type":"Polygon"},"id":"candidate-0596","properties":{},"type":"Feature"},{"geometry":{"coordinates":[[[-129.14826616812923,41.25723392329767],[-129.14826616812923,42.06212842795224],[-127.45939112903103,42.06212842795224],[-127.45939112903103,41.25723392329767],[-129.14826616812923,41.25723392329767]]],"type":"Polygon"},"id":"candidate-0597","properties":{},"type":"Feature"},{"geometry":{"coordinates":[[[57.408944131629845,52.41835125496055],[57.408944131629845,53.41013550474887],[58.27128327536415,53.41013550474887],[58.27128327536415,52.41835125496055],[57.408944131629845,52.41835125496055]]],"type":"Polygon"},"id":"candidate-0598","properties":{},"type":"Feature"},{"geometry":{"coordinates":[[[47.943928672120116,70.09276278195951],[47.943928672120116,70.98844519504264],[49.143423657113566,70.98844519504264],[49.143423657113566,70.09276278195951],[47.943928672120116,70.09276278195951]]],"type":"Polygon"},"id":"candidate-0599","properties":{},"type":"Feature"},{"geometry":{"coordinates":[[[115.85811276735794,-29.407701341327673],[115.85811276735794,-27.29660421260909],[118.22147920622777,-27.29660421260909],[118.22147920622777,-29.407701341327673],[115.85811276735794,-29.407701341327673]]],"type":"Polygon"},"id":"candidate-0600","properties":{},"type":"Feature"},{"geometry":{"coordinates":[[[-68.05743232324814,15.022940229540588],[-68.05743232324814,17.081210309944872],[-66.03875616243282,17.081210309944872],[-66.03875616243282,15.022940229540588],[-68.05743232324814,15.022940229540588]]],"type":"Polygon"},"id":"candidate-0601","properties":{},"type":"Feature"},{"geometry":{"coordinates":[[[150.88341924729363,-36.07096470153771],[150.88341924729363,-35.485906350103825],[153.2040638289042,-35.485906350103825],[153.2040638289042,-36.07096470153771],[150.88341924729363,-36.07096470153771]]],"type":"Polygon"},"id":"candidate-0602","properties":{},"type":"Feature"},{"geometry":{"coordinates":[[[-6.390391308434485,-16.225382935271313],[-6.390391308434485,-15.753235813113134],[-5.953802718564279,-15.753235813113134],[-5.953802718564279,-16.225382935271313],[-6.390391308434485,-16.225382935271313]]],"type":"Polygon"},"id":"candidate-0603","properties":{},"type":"Feature"},{"geometry":{"coordinates":[[[-25.776567233136216,60.57405089473566],[-25.776567233136216,61.77604466662687],[-24.567896317150957,61.77604466662687],[-24.567896317150957,60.57405089473566],[-25.776567233136216,60.57405089473566]]],"type":"Polygon"},"id":"candidate-0604","properties":{},"type":"Feature"},{"geometry":{"coordinates":[[[73.79960172850863,-36.12604649635484],[73.79960172850863,-34.113490608268386],[76.16976469454167,-34.113490608268386],[76.16976469454167,-36.12604649635484],[73.79960172850863,-36.12604649635484]]],"type":"Polygon"},"id":"candidate-0605","properties":{},"type":"Feature"},{"geometry":{"coordinates":[[[-145.8117253006452,73.71866316333055],[-145.8117253006452,74.96346717305138],[-143.66197291771954,74.96346717305138],[-143.66197291771954,73.71866316333055],[-145.8117253006452,73.71866316333055]]],"type":"Polygon"},"id":"candidate-0606","properties":{},"type":"Feature"},{"geometry":{"coordinates":[[[74.54335658236532,70.1601785337161],[74.54335658236532,70.50070724260132],[77.01675872178068,70.50070724260132],[77.01675872178068,70.1601785337161],[74.54335658236532,70.1601785337161]]],"type":"Polygon"},"id":"candidate-0607","properties":{},"type":"Feature"},{"geometry":{"coordinates":[[[148.06624042940473,51.248775430515046],[148.06624042940473,53.43330001006283],[148.71685616366744,53.43330001006283],[148.71685616366744,51.248775430515046],[148.06624042940473,51.248775430515046]]],"type":"Polygon"},"id":"candidate-0608","properties":{},"type":"Feature"},{"geometry":{"coordinates":[[[-65.78594701825821,46.38700989320348],[-65.78594701825821,46.896283903265406],[-65.4099858504078,46.896283903265406],[-65.4099858504078,46.38700989320348],[-65.78594701825821,46.38700989320348]]],"type":"Polygon"},"id":"candidate-0609","properties":{},"type":"Feature"},{"geometry":{"coordinates":[[[9.305323117834558,-12.38036886664678],[9.305323117834558,-11.006385989033301],[11.334247474520243,-11.006385989033301],[11.334247474520243,-12.38036886664678],[9.305323117834558,-12.38036886664678]]],"type":"Polygon"},"id":"candidate-0610","properties":{},"type":"Feature"},{"geometry":{"coordinates":[[[16.243238144644533,22.586495839140927],[16.243238144644533,23.10735117732352],[17.063801165085113,23.10735117732352],[17.063801165085113,22.586495839140927],[16.243238144644533,22.586495839140927]]],"type":"Polygon"},"id":"candidate-0611","properties":{},"type":"Feature"},{"geometry":{"coordinates":[[[-168.09850367970344,-13.103449031232255],[-168.09850367970344,-10.819593404347533],[-166.57389168478412,-10.819593404347533],[-166.57389168478412,-13.103449031232255],[-168.09850367970344,-13.103449031232255]]],"type":"Polygon"},"id":"candidate-0612","properties":{},"type":"Feature"},{"geometry":{"coordinates":[[[61.881514450973846,-12.332028544394566],[61.881514450973846,-9.844126775183733],[63.99427062966122,-9.844126775183733],[63.99427062966122,-12.332028544394566],[61.881514450973846,-12.332028544394566]]],"type":"Polygon"},"id":"candidate-0613","properties":{},"type":"Feature"},{"geometry":{"coordinates":[[[83.50913975797832,-47.40333120034988],[83.50913975797832,-44.978170200632704],[84.11536559629562,-44.978170200632704],[84.11536559629562,-47.40333120034988],[83.50913975797832,-47.40333120034988]]],"type":"Polygon"},"id":"candidate-0614","properties":{},"type":"Feature"},{"geometry":{"coordinates":[[[98.95137499888472,56.357140335217494],[98.95137499888472,58.74507460597572],[99.95104104751931,58.74507460597572],[99.95104104751931,56.357140335217494],[98.95137499888472,56.357140335217494]]],"type":"Polygon"},"id":"candidate-0615","properties":{},"type":"Feature"},{"geometry":{"coordinates":[[[-31.2347565729946,-16.338506907486526],[-31.2347565729946,-15.798574615874093],[-30.181412238033573,-15.798574615874093],[-30.181412238033573,-16.338506907486526],[-31.2347565729946,-16.338506907486526]]],"type":"Polygon"},"id":"candidate-0616","properties":{},"type":"Feature"},{"geometry":{"coordinates":[[[159.14650485507542,69.4799453427223],[159.14650485507542,69.92613842257155],[160.00944627263215,69.92613842257155],[160.00944627263215,69.4799453427223],[159.14650485507542,69.4799453427223]]],"type":"Polygon"},"id":"candidate-0617","properties":{},"type":"Feature"},{"geometry":{"coordinates":[[[7.9536505741861,-23.04969844676752],[7.9536505741861,-22.168525166761913],[9.25366323680339,-22.168525166761913],[9.25366323680339,-23.04969844676752],[7.9536505741861,-23.04969844676752]]],"type":"Polygon"},"id":"candidate-0618","properties":{},"type":"Feature"},{"geometry":{"coordinates":[[[-2.729284430342764,-7.3291230281894455],[-2.729284430342764,-6.133508814226798],[-1.2541347820202962,-6.133508814226798],[-1.2541347820202962,-7.3291230281894455],[-2.729284430342764,-7.3291230281894455]]],"type":"Polygon"},"id":"candidate-0619","properties":{},"type":"Feature"},{"geometry":{"coordinates":[[[-165.8998409966046,-28.21365227171746],[-165.8998409966046,-26.37851146528698],[-164.38806619587706,-26.37851146528698],[-164.38806619587706,-28.21365227171746],[-165.8998409966046,-28.21365227171746]]],"type":"Polygon"},"id":"candidate-0620","properties":{},"type":"Feature"},{"geometry":{"coordinates":[[[-117.26625581354001,-19.51720700553913],[-117.26625581354001,-18.348389502431846],[-115.41094907882821,-18.348389502431846],[-115.41094907882821,-19.51720700553913],[-117.26625581354001,-19.51720700553913]]],"type":"Polygon"},"id":"candidate-0621","properties":{},"type":"Feature"},{"geometry":{"coordinates":[[[4.512822555401065,0.06793220960831148],[4.512822555401065,0.83208938527665],[6.699066795305932,0.83208938527665],[6.699066795305932,0.06793220960831148],[4.512822555401065,0.06793220960831148]]],"type":"Polygon"},"id":"candidate-0622","properties":{},"type":"Feature"},{"geometry":{"coordinates":[[[42.83565167470388,54.09547096362723],[42.83565167470388,56.01544909436033],[43.89922159117103,56.01544909436033],[43.89922159117103,54.09547096362723],[42.83565167470388,54.09547096362723]]],"type":"Polygon"},"id":"candidate-0623","properties":{},"type":"Feature"},{"geometry":{"coordinates":[[[-7.947656526396905,-40.19016463901775],[-7.947656526396905,-37.72897849183835],[-5.470352519515565,-37.72897849183835],[-5.470352519515565,-40.19016463901775],[-7.947656526396905,-40.19016463901775]]],"type":"Polygon"},"id":"candidate-0624","properties":{},"type":"Feature"},{"geometry":{"coordinates":[[[109.26029002627861,72.18050428077277],[109.26029002627861,73.42683746710321],[111.69371781855254,73.42683746710321],[111.69371781855254,72.18050428077277],[109.26029002627861,72.18050428077277]]],"type":"Polygon"},"id":"candidate-0625","properties":{},"type":"Feature"},{"geometry":{"coordinates":[[[-119.66631951856537,69.21070838974097],[-119.66631951856537,69.79210043632037],[-118.61833532965524,69.79210043632037],[-118.61833532965524,69.21070838974097],[-119.66631951856537,69.21070838974097]]],"type":"Polygon"},"id":"candidate-0626","properties":{},"type":"Feature"},{"geometry":{"coordinates":[[[127.0001897459399,52.829600423417745],[127.0001897459399,53.28460463975962],[129.10064438043264,53.28460463975962],[129.10064438043264,52.829600423417745],[127.0001897459399,52.829600423417745]]],"type":"Polygon"},"id":"candidate-0627","properties":{},"type":"Feature"},{"geometry":{"coordinates":[[[-154.96726629037997,-43.540859584478085],[-154.96726629037997,-42.75414432323514],[-153.74757161892083,-42.75414432323514],[-153.74757161892083,-43.540859584478085],[-154.96726629037997,-43.540859584478085]]],"type":"Polygon"},"id":"candidate-0628","properties":{},"type":"Feature"},{"geometry":{"coordinates":[[[-121.42914289582478,-35.16397468350614],[-121.42914289582478,-33.470517948544],[-120.84655478846213,-33.470517948544],[-120.84655478846213,-35.16397468350614],[-121.42914289582478,-35.16397468350614]]],"type":"Polygon"},"id":"candidate-0629","properties":{},"type":"Feature"},{"geometry":{"coordinates":[[[-123.22425621819791,7.8017688105993255],[-123.22425621819791,10.191949296727019],[-120.8728858586273,10.191949296727019],[-120.8728858586273,7.8017688105993255],[-123.22425621819791,7.8017688105993255]]],"type":"Polygon"},"id":"candidate-0630","properties":{},"type":"Feature"},{"geometry":{"coordinates":[[[157.92072227206486,-29.911536675021917],[157.92072227206486,-28.835752561276077],[160.00755364243147,-28.835752561276077],[160.00755364243147,-29.911536675021917],[157.92072227206486,-29.911536675021917]]],"type":"Polygon"},"id":"candidate-0631","properties":{},"type":"Feature"},{"geometry":{"coordinates":[[[-73.2363207429602,59.44269145629817],[-73.2363207429602,59.77448236050041],[-71.6349371597797,59.77448236050041],[-71.6349371597797,59.44269145629817],[-73.2363207429602,59.44269145629817]]],"type":"Polygon"},"id":"candidate-0632","properties":{},"type":"Feature"},{"geometry":{"coordinates":[[[-92.6324812849473,1.9200168722409685],[-92.6324812849473,2.4428595408778575],[-91.65429378089839,2.4428595408778575],[-91.65429378089839,1.9200168722409685],[-92.6324812849473,1.9200168722409685]]],"type":"Polygon"},"id":"candidate-0633","properties":{},"type":"Feature"},{"geometry":{"coordinates":[[[88.68605080230004,51.19055320653094],[88.68605080230004,52.87850754629617],[91.0604771827215,52.87850754629617],[91.0604771827215,51.19055320653094],[88.68605080230004,51.19055320653094]]],"type":"Polygon"},"id":"candidate-0634","properties":{},"type":"Feature"},{"geometry":{"coordinates":[[[-154.88224865786066,-6.03290899486852],[-154.88224865786066,-5.089479961075583],[-154.31692409375108,-5.089479961075583],[-154.31692409375108,-6.03290899486852],[-154.88224865786066,-6.03290899486852]]],"type":"Polygon"},"id":"candidate-0635","properties":{},"type":"Feature"},{"geometry":{"coordinates":[[[120.98335669536628,-9.252674619332497],[120.98335669536628,-7.210443018786178],[122.44329314002518,-7.210443018786178],[122.44329314002518,-9.252674619332497],[120.98335669536628,-9.252674619332497]]],"type":"Polygon"},"id":"candidate-0636","properties":{},"type":"Feature"},{"geometry":{"coordinates":[[[-135.0338843042436,-49.10025458249177],[-135.0338843042436,-47.67774213163109],[-133.71134537212487,-47.67774213163109],[-133.71134537212487,-49.10025458249177],[-135.0338843042436,-49.10025458249177]]],"type":"Polygon"},"id":"candidate-0637","properties":{},"type":"Feature"},{"geometry":{"coordinates":[[[-17.830221990223773,40.02267970974544],[-17.830221990223773,40.46493569236497],[-17.506999901570797,40.46493569236497],[-17.506999901570797,40.02267970974544],[-17.830221990223773,40.02267970974544]]],"type":"Polygon"},"id":"candidate-0638","properties":{},"type":"Feature"},{"geometry":{"coordinates":[[[-120.49624531427791,-16.88132757868751],[-120.49624531427791,-15.134626302311652],[-119.58496440176658,-15.134626302311652],[-119.58496440176658,-16.88132757868751],[-120.49624531427791,-16.88132757868751]]],"type":"Polygon"},"id":"candidate-0639","properties":{},"type":"Feature"},{"geometry":{"coordinates":[[[22.044381782779283,4.433135096618933],[22.044381782779283,5.653587573039864],[22.946892627265527,5.653587573039864],[22.946892627265527,4.433135096618933],[22.044381782779283,4.433135096618933]]],"type":"Polygon"},"id":"candidate-0640","properties":{},"type":"Feature"},{"geometry":{"coordinates":[[[156.75663923159698,48.73593335908298],[156.75663923159698,49.241986512758515],[158.69124422577852,49.241986512758515],[158.69124422577852,48.73593335908298],[156.75663923159698,48.73593335908298]]],"type":"Polygon"},"id":"candidate-0641","properties":{},"type":"Feature"},{"geometry":{"coordinates":[[[135.8396309923251,-26.14049733568661],[135.8396309923251,-24.23788755880495],[137.63557633849945,-24.23788755880495],[137.63557633849945,-26.14049733568661],[135.8396309923251,-26.14049733568661]]],"type":"Polygon"},"id":"candidate-0642","properties":{},"type":"Feature"},{"geometry":{"coordinates":[[[-114.8356821520424,46.07241605288509],[-114.8356821520424,46.914971765716686],[-112.54609668873253,46.914971765716686],[-112.54609668873253,46.07241605288509],[-114.8356821520424,46.07241605288509]]],"type":"Polygon"},"id":"candidate-0643","properties":{},"type":"Feature"},{"geometry":{"coordinates":[[[-152.45522614968257,-28.437172221989858],[-152.45522614968257,-26.99302729303947],[-150.5260653073177,-26.99302729303947],[-150.5260653073177,-28.437172221989858],[-152.45522614968257,-28.437172221989858]]],"type":"Polygon"},"id":"candidate-0644","properties":{},"type":"Feature"},{"geometry":{"coordinates":[[[1.8251703062139104,45.92798147894123],[1.8251703062139104,46.767095104043854],[2.795621384291233,46.767095104043854],[2.795621384291233,45.92798147894123],[1.8251703062139104,45.92798147894123]]],"type":"Polygon"},"id":"candidate-0645","properties":{},"type":"Feature"},{"geometry":{"coordinates":[[[108.33924504048647,20.879925533266523],[108.33924504048647,22.696859996688197],[110.11054285264518,22.696859996688197],[110.11054285264518,20.879925533266523],[108.33924504048647,20.879925533266523]]],"type":"Polygon"},"id":"candidate-0646","properties":{},"type":"Feature"},{"geometry":{"coordinates":[[[-162.92175339263247,72.84569216989873],[-162.92175339263247,75.20123025836857],[-161.97720579718066,75.20123025836857],[-161.97720579718066,72.84569216989873],[-162.92175339263247,72.84569216989873]]],"type":"Polygon"},"id":"candidate-0647","properties":{},"type":"Feature"},{"geometry":{"coordinates":[[[-42.90410542293549,-6.035667817058712],[-42.90410542293549,-3.9113725194637365],[-41.91458811840056,-3.9113725194637365],[-41.91458811840056,-6.035667817058712],[-42.90410542293549,-6.035667817058712]]],"type":"Polygon"},"id":"candidate-0648","properties":{},"type":"Feature"},{"geometry":{"coordinates":[[[75.46221362842275,13.420587430885082],[75.46221362842275,15.898523998814465],[77.36508234725224,15.898523998814465],[77.36508234725224,13.420587430885082],[75.46221362842275,13.420587430885082]]],"type":"Polygon"},"id":"candidate-0649","properties":{},"type":"Feature"},{"geometry":{"coordinates":[[[-93.68665187506711,42.07342028262852],[-93.68665187506711,42.516849842826986],[-93.31150464350578,42.516849842826986],[-93.31150464350578,42.07342028262852],[-93.68665187506711,42.07342028262852]]],"type":"Polygon"},"id":"candidate-0650","properties":{},"type":"Feature"},{"geometry":{"coordinates":[[[-79.53881605998066,-38.882530307380755],[-79.53881605998066,-38.57379077030853],[-77.15847455969751,-38.57379077030853],[-77.15847455969751,-38.882530307380755],[-79.53881605998066,-38.882530307380755]]],"type":"Polygon"},"id":"candidate-0651","properties":{},"type":"Feature"},{"geometry":{"coordinates":[[[-86.21031370388563,17.969751202116072],[-86.21031370388563,19.72379009042527],[-84.47262750218779,19.72379009042527],[-84.47262750218779,17.969751202116072],[-86.21031370388563,17.969751202116072]]],"type":"Polygon"},"id":"candidate-0652","properties":{},"type":"Feature"},{"geometry":{"coordinates":[[[-92.71198013360674,-2.9535180756504724],[-92.71198013360674,-2.08346486209789],[-90.31335442004288,-2.08346486209789],[-90.31335442004288,-2.9535180756504724],[-92.71198013360674,-2.9535180756504724]]],"type":"Polygon"},"id":"candidate-0653","properties":{},"type":"Feature"},{"geometry":{"coordinates":[[[43.716970717599516,36.511558889511036],[43.716970717599516,38.95073153203228],[44.30740442758792,38.95073153203228],[44.30740442758792,36.511558889511036],[43.716970717599516,36.511558889511036]]],"type":"Polygon"},"id":"candidate-0654","properties":{},"type":"Feature"},{"geometry":{"coordinates":[[[-85.38215174376678,-8.136548471131828],[-85.38215174376678,-7.065424004593812],[-84.60729685514086,-7.065424004593812],[-84.60729685514086,-8.136548471131828],[-85.38215174376678,-8.136548471131828]]],"type":"Polygon"},"id":"candidate-0655","properties":{},"type":"Feature"},{"geometry":{"coordinates":[[[-73.39696414916132,33.764622274375704],[-73.39696414916132,35.378673145319404],[-71.34196657069903,35.378673145319404],[-71.34196657069903,33.764622274375704],[-73.39696414916132,33.764622274375704]]],"type":"Polygon"},"id":"candidate-0656","properties":{},"type":"Feature"},{"geometry":{"coordinates":[[[117.52130949277183,-24.080148592966232],[117.52130949277183,-21.831940308855273],[118.04431307662729,-21.831940308855273],[118.04431307662729,-24.080148592966232],[117.52130949277183,-24.080148592966232]]],"type":"Polygon"},"id":"candidate-0657","properties":{},"type":"Feature"},{"geometry":{"coordinates":[[[-20.005902363755325,46.27975692377815],[-20.005902363755325,48.73312159086315],[-18.214090085695574,48.73312159086315],[-18.214090085695574,46.27975692377815],[-20.005902363755325,46.27975692377815]]],"type":"Polygon"},"id":"candidate-0658","properties":{},"type":"Feature"},{"geometry":{"coordinates":[[[-29.90805321496544,-8.153117396037324],[-29.90805321496544,-6.051210419475873],[-28.6357457842846,-6.051210419475873],[-28.6357457842846,-8.153117396037324],[-29.90805321496544,-8.153117396037324]]],"type":"Polygon"},"id":"candidate-0659","properties":{},"type":"Feature"},{"geometry":{"coordinates":[[[-44.603048757702,-7.117113934008286],[-44.603048757702,-5.554149209621615],[-44.17166293566234,-5.554149209621615],[-44.17166293566234,-7.117113934008286],[-44.603048757702,-7.117113934008286]]],"type":"Polygon"},"id":"candidate-0660","properties":{},"type":"Feature"},{"geometry":{"coordinates":[[[-61.14474300580917,22.102075155302266],[-61.14474300580917,24.182526835339495],[-60.4491797829216,24.182526835339495],[-60.4491797829216,22.102075155302266],[-61.14474300580917,22.102075155302266]]],"type":"Polygon"},"id":"candidate-0661","properties":{},"type":"Feature"},{"geometry":{"coordinates":[[[-97.11059057297841,-33.02457400578748],[-97.11059057297841,-31.433941732844648],[-95.83029676993182,-31.433941732844648],[-95.83029676993182,-33.02457400578748],[-97.11059057297841,-33.02457400578748]]],"type":"Polygon"},"id":"candidate-0662","properties":{},"type":"Feature"},{"geometry":{"coordinates":[[[63.411662357170535,-55.848181710130284],[63.411662357170535,-54.01155750482098],[64.35318424672198,-54.01155750482098],[64.35318424672198,-55.848181710130284],[63.411662357170535,-55.848181710130284]]],"type":"Polygon"},"id":"candidate-0663","properties":{},"type":"Feature"},{"geometry":{"coordinates":[[[-120.64097761848993,30.659035358764395],[-120.64097761848993,32.84609240113257],[-118.53541541999658,32.84609240113257],[-118.53541541999658,30.659035358764395],[-120.64097761848993,30.659035358764395]]],"type":"Polygon"},"id":"candidate-0664","properties":{},"type":"Feature"},{"geometry":{"coordinates":[[[1.8352281250002678,57.52473819265279],[1.8352281250002678,58.631243001083874],[3.2755391046006563,58.631243001083874],[3.2755391046006563,57.52473819265279],[1.8352281250002678,57.52473819265279]]],"type":"Polygon"},"id":"candidate-0665","properties":{},"type":"Feature"},{"geometry":{"coordinates":[[[19.061717235801012,-41.05260626938982],[19.061717235801012,-38.88019202119688],[19.8978132178801,-38.88019202119688],[19.8978132178801,-41.05260626938982],[19.061717235801012,-41.05260626938982]]],"type":"Polygon"},"id":"candidate-0666","properties":{},"type":"Feature"},{"geometry":{"coordinates":[[[-150.55607406031834,-29.123239903928408],[-150.55607406031834,-26.647221431401782],[-148.46693302539933,-26.647221431401782],[-148.46693302539933,-29.123239903928408],[-150.55607406031834,-29.123239903928408]]],"type":"Polygon"},"id":"candidate-0667","properties":{},"type":"Feature"},{"geometry":{"coordinates":[[[90.32590668472933,4.763683929499251],[90.32590668472933,7.010203565152665],[92.15953507202555,7.010203565152665],[92.15953507202555,4.763683929499251],[90.32590668472933,4.763683929499251]]],"type":"Polygon"},"id":"candidate-0668","properties":{},"type":"Feature"},{"geometry":{"coordinates":[[[75.70814778800857,-9.83644811803547],[75.70814778800857,-9.45908943773447],[77.24764280668657,-9.45908943773447],[77.24764280668657,-9.83644811803547],[75.70814778800857,-9.83644811803547]]],"type":"Polygon"},"id":"candidate-0669","properties":{},"type":"Feature"},{"geometry":{"coordinates":[[[68.52091815670288,53.57833939278651],[68.52091815670288,54.72493848393484],[70.79282890631008,54.72493848393484],[70.79282890631008,53.57833939278651],[68.52091815670288,53.57833939278651]]],"type":"Polygon"},"id":"candidate-0670","properties":{},"type":"Feature"},{"geometry":{"coordinates":[[[-160.4059663962449,43.71505280458679],[-160.4059663962449,44.6072215959192],[-159.60370917524077,44.6072215959192],[-159.60370917524077,43.71505280458679],[-160.4059663962449,43.71505280458679]]],"type":"Polygon"},"id":"candidate-0671","properties":{},"type":"Feature"},{"geometry":{"coordinates":[[[96.83489752589162,38.7663218300197],[96.83489752589162,40.436752803548735],[97.89214745516915,40.436752803548735],[97.89214745516915,38.7663218300197],[96.83489752589162,38.7663218300197]]],"type":"Polygon"},"id":"candidate-0672","properties":{},"type":"Feature"},{"geometry":{"coordinates":[[[-121.61492549546094,-32.00011612328386],[-121.61492549546094,-29.79415327153948],[-120.67990494169467,-29.79415327153948],[-120.67990494169467,-32.00011612328386],[-121.61492549546094,-32.00011612328386]]],"type":"Polygon"},"id":"candidate-0673","properties":{},"type":"Feature"},{"geometry":{"coordinates":[[[73.58835018557835,-33.6888273439062],[73.58835018557835,-32.87721052478324],[74.0140591376408,-32.87721052478324],[74.0140591376408,-33.6888273439062],[73.58835018557835,-33.6888273439062]]],"type":"Polygon"},"id":"candidate-0674","properties":{},"type":"Feature"},{"geometry":{"coordinates":[[[-19.379892337116438,-22.62664478440175],[-19.379892337116438,-21.085763524225722],[-18.795158354682577,-21.085763524225722],[-18.795158354682577,-22.62664478440175],[-19.379892337116438,-22.62664478440175]]],"type":"Polygon"},"id":"candidate-0675","properties":{},"type":"Feature"},{"geometry":{"coordinates":[[[-32.78343881205731,-4.246628607475458],[-32.78343881205731,-3.893214508436515],[-30.535602702815964,-3.893214508436515],[-30.535602702815964,-4.246628607475458],[-32.78343881205731,-4.246628607475458]]],"type":"Polygon"},"id":"candidate-0676","properties":{},"type":"Feature"},{"geometry":{"coordinates":[[[-4.6218682078146065,3.1731308699041954],[-4.6218682078146065,4.189324835436057],[-2.775060726079567,4.189324835436057],[-2.775060726079567,3.1731308699041954],[-4.6218682078146065,3.1731308699041954]]],"type":"Polygon"},"id":"candidate-0677","properties":{},"type":"Feature"},{"geometry":{"coordinates":[[[-125.54013035297277,18.005815120731842],[-125.54013035297277,20.371311007439385],[-123.18621776816687,20.371311007439385],[-123.18621776816687,18.005815120731842],[-125.54013035297277,18.005815120731842]]],"type":"Polygon"},"id":"candidate-0678","properties":{},"type":"Feature"},{"geometry":{"coordinates":[[[84.57600000021529,-0.04009218178717755],[84.57600000021529,1.0094398382220262],[86.64382514320528,1.0094398382220262],[86.64382514320528,-0.04009218178717755],[84.57600000021529,-0.04009218178717755]]],"type":"Polygon"},"id":"candidate-0679","properties":{},"type":"Feature"},{"geometry":{"coordinates":[[[160.38052843389374,42.5448899898098],[160.38052843389374,43.473192218163945],[161.16476125650883,43.473192218163945],[161.16476125650883,42.5448899898098],[160.38052843389374,42.5448899898098]]],"type":"Polygon"},"id":"candidate-0680","properties":{},"type":"Feature"},{"geometry":{"coordinates":[[[143.5919596012922,-49.29377625300524],[143.5919596012922,-47.56435118767197],[145.30715964938426,-47.56435118767197],[145.30715964938426,-49.29377625300524],[143.5919596012922,-49.29377625300524]]],"type":"Polygon"},"id":"candidate-0681","properties":{},"type":"Feature"},{"geometry":{"coordinates":[[[33.8083718059441,35.69879112887572],[33.8083718059441,36.196141397399934],[35.05251605640665,36.196141397399934],[35.05251605640665,35.69879112887572],[33.8083718059441,35.69879112887572]]],"type":"Polygon"},"id":"candidate-0682","properties":{},"type":"Feature"},{"geometry":{"coordinates":[[[161.55305361240138,34.84928751300963],[161.55305361240138,35.96901838269689],[162.2934653578491,35.96901838269689],[162.2934653578491,34.84928751300963],[161.55305361240138,34.84928751300963]]],"type":"Polygon"},"id":"candidate-0683","properties":{},"type":"Feature"},{"geometry":{"coordinates":[[[36.59036264913682,20.363443573649814],[36.59036264913682,20.72874487861336],[38.740465074574146,20.72874487861336],[38.740465074574146,20.363443573649814],[36.59036264913682,20.363443573649814]]],"type":"Polygon"},"id":"candidate-0684","properties":{},"type":"Feature"},{"geometry":{"coordinates":[[[-63.080137229609385,45.76719783090569],[-63.080137229609385,46.90452483587468],[-62.73348678178264,46.90452483587468],[-62.73348678178264,45.76719783090569],[-63.080137229609385,45.76719783090569]]],"type":"Polygon"},"id":"candidate-0685","properties":{},"type":"Feature"},{"geometry":{"coordinates":[[[-58.52561018144464,36.238459049451265],[-58.52561018144464,36.98119648839018],[-56.19192239781459,36.98119648839018],[-56.19192239781459,36.238459049451265],[-58.52561018144464,36.238459049451265]]],"type":"Polygon"},"id":"candidate-0686","properties":{},"type":"Feature"},{"geometry":{"coordinates":[[[-155.93776136776535,49.93892448923068],[-155.93776136776535,51.36763776417806],[-153.5586057719455,51.36763776417806],[-153.5586057719455,49.93892448923068],[-155.93776136776535,49.93892448923068]]],"type":"Polygon"},"id":"candidate-0687","properties":{},"type":"Feature"},{"geometry":{"coordinates":[[[-4.802439811197461,18.67786179746863],[-4.802439811197461,19.391377621519332],[-2.6171253723764623,19.391377621519332],[-2.6171253723764623,18.67786179746863],[-4.802439811197461,18.67786179746863]]],"type":"Polygon"},"id":"candidate-0688","properties":{},"type":"Feature"},{"geometry":{"coordinates":[[[134.2674107465849,-32.19894659725453],[134.2674107465849,-30.338550437662285],[136.33762245859137,-30.338550437662285],[136.33762245859137,-32.19894659725453],[134.2674107465849,-32.19894659725453]]],"type":"Polygon"},"id":"candidate-0689","properties":{},"type":"Feature"},{"geometry":{"coordinates":[[[-42.06359927655779,-45.60232119474392],[-42.06359927655779,-44.04262105166789],[-39.59646108184422,-44.04262105166789],[-39.59646108184422,-45.60232119474392],[-42.06359927655779,-45.60232119474392]]],"type":"Polygon"},"id":"candidate-0690","properties":{},"type":"Feature"},{"geometry":{"coordinates":[[[44.08512405391959,-45.70607800027325],[44.08512405391959,-45.08942961725249],[44.571109426224645,-45.08942961725249],[44.571109426224645,-45.70607800027325],[44.08512405391959,-45.70607800027325]]],"type":"Polygon"},"id":"candidate-0691","properties":{},"type":"Feature"},{"geometry":{"coordinates":[[[85.93573259775884,37.43684360133265],[85.93573259775884,38.42650887280666],[86.80091087048741,38.42650887280666],[86.80091087048741,37.43684360133265],[85.93573259775884,37.43684360133265]]],"type":"Polygon"},"id":"candidate-0692","properties":{},"type":"Feature"},{"geometry":{"coordinates":[[[-24.347053920783605,10.617136091823479],[-24.347053920783605,12.985629356427527],[-23.92828907241567,12.985629356427527],[-23.92828907241567,10.617136091823479],[-24.347053920783605,10.617136091823479]]],"type":"Polygon"},"id":"candidate-0693","properties":{},"type":"Feature"},{"geometry":{"coordinates":[[[-22.596897679861158,-53.562721428944656],[-22.596897679861158,-52.979272929225104],[-20.570539464583376,-52.979272929225104],[-20.570539464583376,-53.562721428944656],[-22.596897679861158,-53.562721428944656]]],"type":"Polygon"},"id":"candidate-0694","properties":{},"type":"Feature"},{"geometry":{"coordinates":[[[35.42649857292546,11.56972858109205],[35.42649857292546,14.063174347111072],[36.307960651021595,14.063174347111072],[36.307960651021595,11.56972858109205],[35.42649857292546,11.56972858109205]]],"type":"Polygon"},"id":"candidate-0695","properties":{},"type":"Feature"},{"geometry":{"coordinates":[[[-64.00956274377891,4.386773998257102],[-64.00956274377891,5.3525125334527495],[-62.32547389430654,5.3525125334527495],[-62.32547389430654,4.386773998257102],[-64.00956274377891,4.386773998257102]]],"type":"Polygon"},"id":"candidate-0696","properties":{},"type":"Feature"},{"geometry":{"coordinates":[[[91.06685093402159,47.83704555230005],[91.06685093402159,48.16381711367416],[91.72209692796271,48.16381711367416],[91.72209692796271,47.83704555230005],[91.06685093402159,47.83704555230005]]],"type":"Polygon"},"id":"candidate-0697","properties":{},"type":"Feature"},{"geometry":{"coordinates":[[[-109.19523596844753,-4.978084235725813],[-109.19523596844753,-2.7591551284248115],[-108.80556818962766,-2.7591551284248115],[-108.80556818962766,-4.978084235725813],[-109.19523596844753,-4.978084235725813]]],"type":"Polygon"},"id":"candidate-0698","properties":{},"type":"Feature"},{"geometry":{"coordinates":[[[96.62477586704576,-15.453973265194575],[96.62477586704576,-13.081444303499497],[97.204365984982,-13.081444303499497],[97.204365984982,-15.453973265194575],[96.62477586704576,-15.453973265194575]]],"type":"Polygon"},"id":"candidate-0699","properties":{},"type":"Feature"},{"geometry":{"coordinates":[[[69.98452524088675,-4.101299049156456],[69.98452524088675,-3.6547114043490834],[70.64252838569108,-3.6547114043490834],[70.64252838569108,-4.101299049156456],[69.98452524088675,-4.101299049156456]]],"type":"Polygon"},"id":"candidate-0700","properties":{},"type":"Feature"},{"geometry":{"coordinates":[[[-30.038936409544906,-24.71430341824109],[-30.038936409544906,-22.50215990175332],[-27.846630110131255,-22.50215990175332],[-27.846630110131255,-24.71430341824109],[-30.038936409544906,-24.71430341824109]]],"type":"Polygon"},"id":"candidate-0701","properties":{},"type":"Feature"},{"geometry":{"coordinates":[[[-124.44363930332753,-12.611112818035357],[-124.44363930332753,-10.44477337887171],[-122.24659255907085,-10.44477337887171],[-122.24659255907085,-12.611112818035357],[-124.44363930332753,-12.611112818035357]]],"type":"Polygon"},"id":"candidate-0702","properties":{},"type":"Feature"},{"geometry":{"coordinates":[[[-162.37982621347652,70.13888471764218],[-162.37982621347652,72.56367917765388],[-161.67540276255778,72.56367917765388],[-161.67540276255778,70.13888471764218],[-162.37982621347652,70.13888471764218]]],"type":"Polygon"},"id":"candidate-0703","properties":{},"type":"Feature"},{"geometry":{"coordinates":[[[83.37982528000603,-31.02473183364763],[83.37982528000603,-29.430306656668797],[84.48482050379144,-29.430306656668797],[84.48482050379144,-31.02473183364763],[83.37982528000603,-31.02473183364763]]],"type":"Polygon"},"id":"candidate-0704","properties":{},"type":"Feature"},{"geometry":{"coordinates":[[[-70.66120692313321,73.03267198896292],[-70.66120692313321,75.13893119222276],[-69.43550152464569,75.13893119222276],[-69.43550152464569,73.03267198896292],[-70.66120692313321,73.03267198896292]]],"type":"Polygon"},"id":"candidate-0705","properties":{},"type":"Feature"},{"geometry":{"coordinates":[[[-32.80186680818438,23.154192908842983],[-32.80186680818438,23.53354682250168],[-32.11596174350168,23.53354682250168],[-32.11596174350168,23.154192908842983],[-32.80186680818438,23.154192908842983]]],"type":"Polygon"},"id":"candidate-0706","properties":{},"type":"Feature"},{"geometry":{"coordinates":[[[-116.85339421110041,44.32083138612903],[-116.85339421110041,46.14879698428963],[-115.23015609459208,46.14879698428963],[-115.23015609459208,44.32083138612903],[-116.85339421110041,44.32083138612903]]],"type":"Polygon"},"id":"candidate-0707","properties":{},"type":"Feature"},{"geometry":{"coordinates":[[[166.72004312086446,57.933567866463754],[166.72004312086446,58.317804497670785],[167.30686745069093,58.317804497670785],[167.30686745069093,57.933567866463754],[166.72004312086446,57.933567866463754]]],"type":"Polygon"},"id":"candidate-0708","properties":{},"type":"Feature"},{"geometry":{"coordinates":[[[155.5732122667982,1.251483584093193],[155.5732122667982,1.8467045747468098],[157.11239588769902,1.8467045747468098],[157.11239588769902,1.251483584093193],[155.5732122667982,1.251483584093193]]],"type":"Polygon"},"id":"candidate-0709","properties":{},"type":"Feature"},{"geometry":{"coordinates":[[[-25.533953667996975,-40.477239068625956],[-25.533953667996975,-38.413431460257236],[-24.344410246903173,-38.413431460257236],[-24.344410246903173,-40.477239068625956],[-25.533953667996975,-40.477239068625956]]],"type":"Polygon"},"id":"candidate-0710","properties":{},"type":"Feature"},{"geometry":{"coordinates":[[[152.0028290486019,-36.990879499613925],[152.0028290486019,-36.24172262435495],[153.58980699572172,-36.24172262435495],[153.58980699572172,-36.990879499613925],[152.0028290486019,-36.990879499613925]]],"type":"Polygon"},"id":"candidate-0711","properties":{},"type":"Feature"},{"geometry":{"coordinates":[[[64.75348891977853,15.22842960519232],[64.75348891977853,16.025054636365393],[65.32235890814661,16.025054636365393],[65.32235890814661,15.22842960519232],[64.75348891977853,15.22842960519232]]],"type":"Polygon"},"id":"candidate-0712","properties":{},"type":"Feature"},{"geometry":{"coordinates":[[[126.55468040480864,29.14985914487532],[126.55468040480864,29.92817262038922],[128.61813398989037,29.92817262038922],[128.61813398989037,29.14985914487532],[126.55468040480864,29.14985914487532]]],"type":"Polygon"},"id":"candidate-0713","properties":{},"type":"Feature"},{"geometry":{"coordinates":[[[-51.81810484103294,-51.13474325787786],[-51.81810484103294,-50.7645336020087],[-49.48843876124676,-50.7645336020087],[-49.48843876124676,-51.13474325787786],[-51.81810484103294,-51.13474325787786]]],"type":"Polygon"},"id":"candidate-0714","properties":{},"type":"Feature"},{"geometry":{"coordinates":[[[-88.82678050778547,59.42011301733419],[-88.82678050778547,60.34617349824268],[-87.1187760389645,60.34617349824268],[-87.1187760389645,59.42011301733419],[-88.82678050778547,59.42011301733419]]],"type":"Polygon"},"id":"candidate-0715","properties":{},"type":"Feature"},{"geometry":{"coordinates":[[[-62.19578609210421,-27.14334048530446],[-62.19578609210421,-25.43639554298917],[-60.64297118048567,-25.43639554298917],[-60.64297118048567,-27.14334048530446],[-62.19578609210421,-27.14334048530446]]],"type":"Polygon"},"id":"candidate-0716","properties":{},"type":"Feature"},{"geometry":{"coordinates":[[[-32.899682348057446,29.123761606160055],[-32.899682348057446,29.816021225330164],[-32.493508892485714,29.816021225330164],[-32.493508892485714,29.123761606160055],[-32.899682348057446,29.123761606160055]]],"type":"Polygon"},"id":"candidate-0717","properties":{},"type":"Feature"},{"geometry":{"coordinates":[[[-138.84289202123898,-10.85360289310576],[-138.84289202123898,-9.902496982176968],[-137.38580062821126,-9.902496982176968],[-137.38580062821126,-10.85360289310576],[-138.84289202123898,-10.85360289310576]]],"type":"Polygon"},"id":"candidate-0718","properties":{},"type":"Feature"},{"geometry":{"coordinates":[[[-59.189847942145896,-21.92851380805887],[-59.189847942145896,-20.439385458921816],[-58.200078090309965,-20.439385458921816],[-58.200078090309965,-21.92851380805887],[-59.189847942145896,-21.92851380805887]]],"type":"Polygon"},"id":"candidate-0719","properties":{},"type":"Feature"},{"geometry":{"coordinates":[[[-40.96709591916081,-35.56974854594792],[-40.96709591916081,-33.723616530042605],[-38.63913018156612,-33.723616530042605],[-38.63913018156612,-35.56974854594792],[-40.96709591916081,-35.56974854594792]]],"type":"Polygon"},"id":"candidate-0720","properties":{},"type":"Feature"},{"geometry":{"coordinates":[[[-103.39091066078258,-28.40941547124524],[-103.39091066078258,-27.031116662258654],[-102.7557236893823,-27.031116662258654],[-102.7557236893823,-28.40941547124524],[-103.39091066078258,-28.40941547124524]]],"type":"Polygon"},"id":"candidate-0721","properties":{},"type":"Feature"},{"geometry":{"coordinates":[[[-88.7478291300283,49.95322209456876],[-88.7478291300283,52.23157661048427],[-86.47482018466502,52.23157661048427],[-86.47482018466502,49.95322209456876],[-88.7478291300283,49.95322209456876]]],"type":"Polygon"},"id":"candidate-0722","properties":{},"type":"Feature"},{"geometry":{"coordinates":[[[-158.4400827488742,56.48293925793986],[-158.4400827488742,57.86076405889138],[-157.36532444436784,57.86076405889138],[-157.36532444436784,56.48293925793986],[-158.4400827488742,56.48293925793986]]],"type":"Polygon"},"id":"candidate-0723","properties":{},"type":"Feature"},{"geometry":{"coordinates":[[[14.971005506551265,-40.410330079513244],[14.971005506551265,-38.68656300554656],[15.615973811963599,-38.68656300554656],[15.615973811963599,-40.410330079513244],[14.971005506551265,-40.410330079513244]]],"type":"Polygon"},"id":"candidate-0724","properties":{},"type":"Feature"},{"geometry":{"coordinates":[[[12.661518692341353,36.151917625591096],[12.661518692341353,37.093012684924815],[13.977333036854425,37.093012684924815],[13.977333036854425,36.151917625591096],[12.661518692341353,36.151917625591096]]],"type":"Polygon"},"id":"candidate-0725","properties":{},"type":"Feature"},{"geometry":{"coordinates":[[[-115.99838365686576,13.690416935934325],[-115.99838365686576,16.170610448347972],[-113.92975280431195,16.170610448347972],[-113.92975280431195,13.690416935934325],[-115.99838365686576,13.690416935934325]]],"type":"Polygon"},"id":"candidate-0726","properties":{},"type":"Feature"},{"geometry":{"coordinates":[[[63.21396507074321,29.41926957627287],[63.21396507074321,31.752111401086875],[65.53174657896852,31.752111401086875],[65.53174657896852,29.41926957627287],[63.21396507074321,29.41926957627287]]],"type":"Polygon"},"id":"candidate-0727","properties":{},"type":"Feature"},{"geometry":{"coordinates":[[[-1.4503944564316233,-21.588983244020454],[-1.4503944564316233,-19.936977606217354],[-0.538621197083402,-19.936977606217354],[-0.538621197083402,-21.588983244020454],[-1.4503944564316233,-21.588983244020454]]],"type":"Polygon"},"id":"candidate-0728","properties":{},"type":"Feature"},{"geometry":{"coordinates":[[[39.29729634225969,-52.18749974033292],[39.29729634225969,-50.332000945607554],[40.293724634410246,-50.332000945607554],[40.293724634410246,-52.18749974033292],[39.29729634225969,-52.18749974033292]]],"type":"Polygon"},"id":"candidate-0729","properties":{},"type":"Feature"},{"geometry":{"coordinates":[[[-120.22075910689752,-20.30242221664427],[-120.22075910689752,-18.904480563969518],[-118.39500596023446,-18.904480563969518],[-118.39500596023446,-20.30242221664427],[-120.22075910689752,-20.30242221664427]]],"type":"Polygon"},"id":"candidate-0730","properties":{},"type":"Feature"},{"geometry":{"coordinates":[[[151.49859710406886,63.776202920400706],[151.49859710406886,66.2536791852143],[153.74193967066057,66.2536791852143],[153.74193967066057,63.776202920400706],[151.49859710406886,63.776202920400706]]],"type":"Polygon"},"id":"candidate-0731","properties":{},"type":"Feature"},{"geometry":{"coordinates":[[[-156.49487068860623,-14.792697855278444],[-156.49487068860623,-13.968268179572224],[-155.37695640195864,-13.968268179572224],[-155.37695640195864,-14.792697855278444],[-156.49487068860623,-14.792697855278444]]],"type":"Polygon"},"id":"candidate-0732","properties":{},"type":"Feature"},{"geometry":{"coordinates":[[[-70.99204453591517,-34.07145812138292],[-70.99204453591517,-32.017579500869005],[-69.76521873217132,-32.017579500869005],[-69.76521873217132,-34.07145812138292],[-70.99204453591517,-34.07145812138292]]],"type":"Polygon"},"id":"candidate-0733","properties":{},"type":"Feature"},{"geometry":{"coordinates":[[[-125.98379515115047,-33.08565451235958],[-125.98379515115047,-32.57399745784606],[-124.68733862195654,-32.57399745784606],[-124.68733862195654,-33.08565451235958],[-125.98379515115047,-33.08565451235958]]],"type":"Polygon"},"id":"candidate-0734","properties":{},"type":"Feature"},{"geometry":{"coordinates":[[[118.38058954656768,-47.531760487441254],[118.38058954656768,-46.11221984630263],[120.11076503620765,-46.11221984630263],[120.11076503620765,-47.531760487441254],[118.38058954656768,-47.531760487441254]]],"type":"Polygon"},"id":"candidate-0735","properties":{},"type":"Feature"},{"geometry":{"coordinates":[[[128.4534936556407,66.09820764846688],[128.4534936556407,66.51922085105758],[128.83484388401737,66.51922085105758],[128.83484388401737,66.09820764846688],[128.4534936556407,66.09820764846688]]],"type":"Polygon"},"id":"candidate-0736","properties":{},"type":"Feature"},{"geometry":{"coordinates":[[[7.706995391480191,55.86454881524023],[7.706995391480191,57.42203399879679],[8.309879142919883,57.42203399879679],[8.309879142919883,55.86454881524023],[7.706995391480191,55.86454881524023]]],"type":"Polygon"},"id":"candidate-0737","properties":{},"type":"Feature"},{"geometry":{"coordinates":[[[-102.62751431054474,30.387651592096528],[-102.62751431054474,31.06510990972267],[-101.1287052661041,31.06510990972267],[-101.1287052661041,30.387651592096528],[-102.62751431054474,30.387651592096528]]],"type":"Polygon"},"id":"candidate-0738","properties":{},"type":"Feature"},{"geometry":{"coordinates":[[[-59.53481342053762,32.07808603405539],[-59.53481342053762,33.97267805071996],[-57.829714967054926,33.97267805071996],[-57.829714967054926,32.07808603405539],[-59.53481342053762,32.07808603405539]]],"type":"Polygon"},"id":"candidate-0739","properties":{},"type":"Feature"},{"geometry":{"coordinates":[[[-128.59044589682273,64.78871756747945],[-128.59044589682273,66.55232977333624],[-126.83627723800132,66.55232977333624],[-126.83627723800132,64.78871756747945],[-128.59044589682273,64.78871756747945]]],"type":"Polygon"},"id":"candidate-0740","properties":{},"type":"Feature"},{"geometry":{"coordinates":[[[78.83792653464803,29.692219261858412],[78.83792653464803,30.47670191852049],[80.71846666843413,30.47670191852049],[80.71846666843413,29.692219261858412],[78.83792653464803,29.692219261858412]]],"type":"Polygon"},"id":"candidate-0741","properties":{},"type":"Feature"},{"geometry":{"coordinates":[[[-121.22363463911873,-37.30500663354565],[-121.22363463911873,-36.114142455497266],[-119.82477322175728,-36.114142455497266],[-119.82477322175728,-37.30500663354565],[-121.22363463911873,-37.30500663354565]]],"type":"Polygon"},"id":"candidate-0742","properties":{},"type":"Feature"},{"geometry":{"coordinates":[[[-64.40198255325762,54.008045605775955],[-64.40198255325762,55.92433685283148],[-63.95811858619712,55.92433685283148],[-63.95811858619712,54.008045605775955],[-64.40198255325762,54.008045605775955]]],"type":"Polygon"},"id":"candidate-0743","properties":{},"type":"Feature"},{"geometry":{"coordinates":[[[-154.38395359336545,10.418867244485067],[-154.38395359336545,12.088934442193892],[-153.09272628635597,12.088934442193892],[-153.09272628635597,10.418867244485067],[-154.38395359336545,10.418867244485067]]],"type":"Polygon"},"id":"candidate-0744","properties":{},"type":"Feature"},{"geometry":{"coordinates":[[[164.00323788771212,-7.743084981022804],[164.00323788771212,-6.18382543462333],[164.71738548211758,-6.18382543462333],[164.71738548211758,-7.743084981022804],[164.00323788771212,-7.743084981022804]]],"type":"Polygon"},"id":"candidate-0745","properties":{},"type":"Feature"},{"geometry":{"coordinates":[[[-147.3362044044574,5.062742365066479],[-147.3362044044574,6.537548085652621],[-144.8668804901673,6.537548085652621],[-144.8668804901673,5.062742365066479],[-147.3362044044574,5.062742365066479]]],"type":"Polygon"},"id":"candidate-0746","properties":{},"type":"Feature"},{"geometry":{"coordinates":[[[-33.14467579390144,23.074095172190376],[-33.14467579390144,23.558818281927607],[-30.65405315297455,23.558818281927607],[-30.65405315297455,23.074095172190376],[-33.14467579390144,23.074095172190376]]],"type":"Polygon"},"id":"candidate-0747","properties":{},"type":"Feature"},{"geometry":{"coordinates":[[[-44.9376742666756,60.7886755478144],[-44.9376742666756,62.3721940522744],[-42.586478372792186,62.3721940522744],[-42.586478372792186,60.7886755478144],[-44.9376742666756,60.7886755478144]]],"type":"Polygon"},"id":"candidate-0748","properties":{},"type":"Feature"},{"geometry":{"coordinates":[[[-74.40418215450839,39.25575232538789],[-74.40418215450839,39.70253674938401],[-72.33360527285672,39.70253674938401],[-72.33360527285672,39.25575232538789],[-74.40418215450839,39.25575232538789]]],"type":"Polygon"},"id":"candidate-0749","properties":{},"type":"Feature"},{"geometry":{"coordinates":[[[-141.85383469434638,58.70305619460714],[-141.85383469434638,60.72534079114817],[-140.5598780736535,60.72534079114817],[-140.5598780736535,58.70305619460714],[-141.85383469434638,58.70305619460714]]],"type":"Polygon"},"id":"candidate-0750","properties":{},"type":"Feature"},{"geometry":{"coordinates":[[[-83.48099701165768,-46.55764467664096],[-83.48099701165768,-45.94475347720795],[-82.23918252355529,-45.94475347720795],[-82.23918252355529,-46.55764467664096],[-83.48099701165768,-46.55764467664096]]],"type":"Polygon"},"id":"candidate-0751","properties":{},"type":"Feature"},{"geometry":{"coordinates":[[[-106.65539413913342,-33.61184382224191],[-106.65539413913342,-32.59058862420933],[-105.52106455865317,-32.59058862420933],[-105.52106455865317,-33.61184382224191],[-106.65539413913342,-33.61184382224191]]],"type":"Polygon"},"id":"candidate-0752","properties":{},"type":"Feature"},{"geometry":{"coordinates":[[[89.54045196042733,70.40553719757703],[89.54045196042733,71.7320160111514],[91.21343207171986,71.7320160111514],[91.21343207171986,70.40553719757703],[89.54045196042733,70.40553719757703]]],"type":"Polygon"},"id":"candidate-0753","properties":{},"type":"Feature"},{"geometry":{"coordinates":[[[143.58775329185892,-43.40893158364031],[143.58775329185892,-41.57256497772087],[145.38352127980136,-41.57256497772087],[145.38352127980136,-43.40893158364031],[143.58775329185892,-43.40893158364031]]],"type":"Polygon"},"id":"candidate-0754","properties":{},"type":"Feature"},{"geometry":{"coordinates":[[[-52.114077813584124,59.764313854690144],[-52.114077813584124,61.61403895935307],[-50.59744021956896,61.61403895935307],[-50.59744021956896,59.764313854690144],[-52.114077813584124,59.764313854690144]]],"type":"Polygon"},"id":"candidate-0755","properties":{},"type":"Feature"},{"geometry":{"coordinates":[[[13.2726604006378,-45.163798862943885],[13.2726604006378,-42.935075509029396],[15.51019166681009,-42.935075509029396],[15.51019166681009,-45.163798862943885],[13.2726604006378,-45.163798862943885]]],"type":"Polygon"},"id":"candidate-0756","properties":{},"type":"Feature"},{"geometry":{"coordinates":[[[-150.74175984224803,31.017665741099147],[-150.74175984224803,32.30437958197154],[-149.38302778006897,32.30437958197154],[-149.38302778006897,31.017665741099147],[-150.74175984224803,31.017665741099147]]],"type":"Polygon"},"id":"candidate-0757","properties":{},"type":"Feature"},{"geometry":{"coordinates":[[[-134.1404497192458,-7.430260712888247],[-134.1404497192458,-6.391573313335124],[-132.36197533852874,-6.391573313335124],[-132.36197533852874,-7.430260712888247],[-134.1404497192458,-7.430260712888247]]],"type":"Polygon"},"id":"candidate-0758","properties":{},"type":"Feature"},{"geometry":{"coordinates":[[[-79.04365119179025,24.16056379352282],[-79.04365119179025,25.649740034213657],[-77.16705762038777,25.649740034213657],[-77.16705762038777,24.16056379352282],[-79.04365119179025,24.16056379352282]]],"type":"Polygon"},"id":"candidate-0759","properties":{},"type":"Feature"},{"geometry":{"coordinates":[[[-8.610369419469333,57.91816219240421],[-8.610369419469333,58.3917452756656],[-8.013650977867787,58.3917452756656],[-8.013650977867787,57.91816219240421],[-8.610369419469333,57.91816219240421]]],"type":"Polygon"},"id":"candidate-0760","properties":{},"type":"Feature"},{"geometry":{"coordinates":[[[-106.79731670911227,32.629779345421426],[-106.79731670911227,33.577753694287665],[-105.3806894344543,33.577753694287665],[-105.3806894344543,32.629779345421426],[-106.79731670911227,32.629779345421426]]],"type":"Polygon"},"id":"candidate-0761","properties":{},"type":"Feature"},{"geometry":{"coordinates":[[[114.83073917855958,33.31712286067093],[114.83073917855958,34.413403797845895],[115.28694033670857,34.413403797845895],[115.28694033670857,33.31712286067093],[114.83073917855958,33.31712286067093]]],"type":"Polygon"},"id":"candidate-0762","properties":{},"type":"Feature"},{"geometry":{"coordinates":[[[27.285651767077443,9.972021714994437],[27.285651767077443,10.515729524857253],[28.26849923385762,10.515729524857253],[28.26849923385762,9.972021714994437],[27.285651767077443,9.972021714994437]]],"type":"Polygon"},"id":"candidate-0763","properties":{},"type":"Feature"},{"geometry":{"coordinates":[[[-70.53174801955022,-39.22581507111465],[-70.53174801955022,-37.219513536478416],[-70.07067183115977,-37.219513536478416],[-70.07067183115977,-39.22581507111465],[-70.53174801955022,-39.22581507111465]]],"type":"Polygon"},"id":"candidate-0764","properties":{},"type":"Feature"},{"geometry":{"coordinates":[[[160.53434725950692,58.95947103666374],[160.53434725950692,60.35382006102044],[162.9551436926603,60.35382006102044],[162.9551436926603,58.95947103666374],[160.53434725950692,58.95947103666374]]],"type":"Polygon"},"id":"candidate-0765","properties":{},"type":"Feature"},{"geometry":{"coordinates":[[[-69.46050609657296,-19.646093670930846],[-69.46050609657296,-18.866396968447184],[-66.98252755133989,-18.866396968447184],[-66.98252755133989,-19.646093670930846],[-69.46050609657296,-19.646093670930846]]],"type":"Polygon"},"id":"candidate-0766","properties":{},"type":"Feature"},{"geometry":{"coordinates":[[[72.26832065017231,-12.418334572903396],[72.26832065017231,-11.807255882789287],[72.88246235786636,-11.807255882789287],[72.88246235786636,-12.418334572903396],[72.26832065017231,-12.418334572903396]]],"type":"Polygon"},"id":"candidate-0767","properties":{},"type":"Feature"},{"geometry":{"coordinates":[[[-26.294971672527428,4.192837563320868],[-26.294971672527428,6.574913356376381],[-24.41964544548932,6.574913356376381],[-24.41964544548932,4.192837563320868],[-26.294971672527428,4.192837563320868]]],"type":"Polygon"},"id":"candidate-0768","properties":{},"type":"Feature"},{"geometry":{"coordinates":[[[-92.04701527029007,-2.467254960364455],[-92.04701527029007,-1.2735823087584226],[-90.62212287240075,-1.2735823087584226],[-90.62212287240075,-2.467254960364455],[-92.04701527029007,-2.467254960364455]]],"type":"Polygon"},"id":"candidate-0769","properties":{},"type":"Feature"},{"geometry":{"coordinates":[[[-124.07254226435309,55.72196787864236],[-124.07254226435309,57.169391404238766],[-122.2694640680816,57.169391404238766],[-122.2694640680816,55.72196787864236],[-124.07254226435309,55.72196787864236]]],"type":"Polygon"},"id":"candidate-0770","properties":{},"type":"Feature"},{"geometry":{"coordinates":[[[93.65530299752866,63.647834026333165],[93.65530299752866,66.10798964296454],[94.286947271979,66.10798964296454],[94.286947271979,63.647834026333165],[93.65530299752866,63.647834026333165]]],"type":"Polygon"},"id":"candidate-0771","properties":{},"type":"Feature"},{"geometry":{"coordinates":[[[160.08020652266632,12.671385535685229],[160.08020652266632,13.289655856249997],[162.08675416827876,13.289655856249997],[162.08675416827876,12.671385535685229],[160.08020652266632,12.671385535685229]]],"type":"Polygon"},"id":"candidate-0772","properties":{},"type":"Feature"},{"geometry":{"coordinates":[[[14.643342289353598,1.8882992916102403],[14.643342289353598,2.9890412071163275],[16.885101595497133,2.9890412071163275],[16.885101595497133,1.8882992916102403],[14.643342289353598,1.8882992916102403]]],"type":"Polygon"},"id":"candidate-0773","properties":{},"type":"Feature"},{"geometry":{"coordinates":[[[113.70385430336187,21.141442271352787],[113.70385430336187,23.428403468381532],[114.12637822262987,23.428403468381532],[114.12637822262987,21.141442271352787],[113.70385430336187,21.141442271352787]]],"type":"Polygon"},"id":"candidate-0774","properties":{},"type":"Feature"},{"geometry":{"coordinates":[[[-109.8137151558287,38.721130410965024],[-109.8137151558287,39.910068231205436],[-107.52144960944949,39.910068231205436],[-107.52144960944949,38.721130410965024],[-109.8137151558287,38.721130410965024]]],"type":"Polygon"},"id":"candidate-0775","properties":{},"type":"Feature"},{"geometry":{"coordinates":[[[-58.68759401182092,-16.720744460059553],[-58.68759401182092,-16.334341176566436],[-58.274370916896345,-16.334341176566436],[-58.274370916896345,-16.720744460059553],[-58.68759401182092,-16.720744460059553]]],"type":"Polygon"},"id":"candidate-0776","properties":{},"type":"Feature"},{"geometry":{"coordinates":[[[168.96516714170275,47.457092755381275],[168.96516714170275,48.607016972912156],[169.4980795324219,48.607016972912156],[169.4980795324219,47.457092755381275],[168.96516714170275,47.457092755381275]]],"type":"Polygon"},"id":"candidate-0777","properties":{},"type":"Feature"},{"geometry":{"coordinates":[[[-98.79776939869497,-16.731558664035934],[-98.79776939869497,-14.265707788579757],[-97.07470187949475,-14.265707788579757],[-97.07470187949475,-16.731558664035934],[-98.79776939869497,-16.731558664035934]]],"type":"Polygon"},"id":"candidate-0778","properties":{},"type":"Feature"},{"geometry":{"coordinates":[[[40.04938072345821,55.080019088459814],[40.04938072345821,56.530437407508565],[41.64990193437605,56.530437407508565],[41.64990193437605,55.080019088459814],[40.04938072345821,55.080019088459814]]],"type":"Polygon"},"id":"candidate-0779","properties":{},"type":"Feature"},{"geometry":{"coordinates":[[[12.73898969140944,-36.931128413079406],[12.73898969140944,-36.58872861623972],[13.426919502232838,-36.58872861623972],[13.426919502232838,-36.931128413079406],[12.73898969140944,-36.931128413079406]]],"type":"Polygon"},"id":"candidate-0780","properties":{},"type":"Feature"},{"geometry":{"coordinates":[[[-96.21928531271529,-53.94586160169155],[-96.21928531271529,-52.40830685881846],[-94.22868875022534,-52.40830685881846],[-94.22868875022534,-53.94586160169155],[-96.21928531271529,-53.94586160169155]]],"type":"Polygon"},"id":"candidate-0781","properties":{},"type":"Feature"},{"geometry":{"coordinates":[[[-6.518105678452077,-21.657787933014674],[-6.518105678452077,-19.766821339012566],[-5.093682549466603,-19.766821339012566],[-5.093682549466603,-21.657787933014674],[-6.518105678452077,-21.657787933014674]]],"type":"Polygon"},"id":"candidate-0782","properties":{},"type":"Feature"},{"geometry":{"coordinates":[[[15.963323002348895,38.95438302746162],[15.963323002348895,40.5380943546683],[16.936148236256138,40.5380943546683],[16.936148236256138,38.95438302746162],[15.963323002348895,38.95438302746162]]],"type":"Polygon"},"id":"candidate-0783","properties":{},"type":"Feature"},{"geometry":{"coordinates":[[[137.72329632281284,-3.3178065877663907],[137.72329632281284,-1.7000838018441091],[138.8066191438866,-1.7000838018441091],[138.8066191438866,-3.3178065877663907],[137.72329632281284,-3.3178065877663907]]],"type":"Polygon"},"id":"candidate-0784","properties":{},"type":"Feature"},{"geometry":{"coordinates":[[[108.91590906709084,9.685091137290767],[108.91590906709084,10.640236663976127],[109.55074244201037,10.640236663976127],[109.55074244201037,9.685091137290767],[108.91590906709084,9.685091137290767]]],"type":"Polygon"},"id":"candidate-0785","properties":{},"type":"Feature"},{"geometry":{"coordinates":[[[-163.9162502417233,-14.056809418331692],[-163.9162502417233,-12.881051461669433],[-162.65577451200235,-12.881051461669433],[-162.65577451200235,-14.056809418331692],[-163.9162502417233,-14.056809418331692]]],"type":"Polygon"},"id":"candidate-0786","properties":{},"type":"Feature"},{"geometry":{"coordinates":[[[137.51320881833635,-54.249345117646115],[137.51320881833635,-53.4359243712873],[140.0022509898156,-53.4359243712873],[140.0022509898156,-54.249345117646115],[137.51320881833635,-54.249345117646115]]],"type":"Polygon"},"id":"candidate-0787","properties":{},"type":"Feature"},{"geometry":{"coordinates":[[[152.554245575214,-28.63399344845281],[152.554245575214,-26.572524628981167],[154.9798886881976,-26.572524628981167],[154.9798886881976,-28.63399344845281],[152.554245575214,-28.63399344845281]]],"type":"Polygon"},"id":"candidate-0788","properties":{},"type":"Feature"},{"geometry":{"coordinates":[[[69.94578544009934,-1.4469596031078613],[69.94578544009934,-0.0009730918636232655],[70.73636917147579,-0.0009730918636232655],[70.73636917147579,-1.4469596031078613],[69.94578544009934,-1.4469596031078613]]],"type":"Polygon"},"id":"candidate-0789","properties":{},"type":"Feature"},{"geometry":{"coordinates":[[[-85.6469798667906,20.99618827677254],[-85.6469798667906,22.60348166448809],[-84.75458305037425,22.60348166448809],[-84.75458305037425,20.99618827677254],[-85.6469798667906,20.99618827677254]]],"type":"Polygon"},"id":"candidate-0790","properties":{},"type":"Feature"},{"geometry":{"coordinates":[[[115.16173851339342,55.68573266031044],[115.16173851339342,56.75961810175314],[116.3078255711607,56.75961810175314],[116.3078255711607,55.68573266031044],[115.16173851339342,55.68573266031044]]],"type":"Polygon"},"id":"candidate-0791","properties":{},"type":"Feature"},{"geometry":{"coordinates":[[[165.6891437953721,-24.40163379591264],[165.6891437953721,-22.32768188913059],[167.79194517389345,-22.32768188913059],[167.79194517389345,-24.40163379591264],[165.6891437953721,-24.40163379591264]]],"type":"Polygon"},"id":"candidate-0792","properties":{},"type":"Feature"},{"geometry":{"coordinates":[[[-93.76749205551515,-47.75996831080105],[-93.76749205551515,-46.755390746675864],[-92.88966944465558,-46.755390746675864],[-92.88966944465558,-47.75996831080105],[-93.76749205551515,-47.75996831080105]]],"type":"Polygon"},"id":"candidate-0793","properties":{},"type":"Feature"},{"geometry":{"coordinates":[[[120.06583187442448,59.65988965730648],[120.06583187442448,60.38214870989353],[122.17381921637639,60.38214870989353],[122.17381921637639,59.65988965730648],[120.06583187442448,59.65988965730648]]],"type":"Polygon"},"id":"candidate-0794","properties":{},"type":"Feature"},{"geometry":{"coordinates":[[[8.605224812454436,-29.58120969338674],[8.605224812454436,-28.620121720437034],[9.534433540862027,-28.620121720437034],[9.534433540862027,-29.58120969338674],[8.605224812454436,-29.58120969338674]]],"type":"Polygon"},"id":"candidate-0795","properties":{},"type":"Feature"},{"geometry":{"coordinates":[[[-15.576682047016833,27.406646092702776],[-15.576682047016833,29.84671396703484],[-14.91966883090164,29.84671396703484],[-14.91966883090164,27.406646092702776],[-15.576682047016833,27.406646092702776]]],"type":"Polygon"},"id":"candidate-0796","properties":{},"type":"Feature"},{"geometry":{"coordinates":[[[131.47667344483483,-48.27770670059686],[131.47667344483483,-47.07283956047227],[132.23849061925495,-47.07283956047227],[132.23849061925495,-48.27770670059686],[131.47667344483483,-48.27770670059686]]],"type":"Polygon"},"id":"candidate-0797","properties":{},"type":"Feature"},{"geometry":{"coordinates":[[[45.2193906690904,48.15901197900843],[45.2193906690904,48.6369077876269],[45.56839083947277,48.6369077876269],[45.56839083947277,48.15901197900843],[45.2193906690904,48.15901197900843]]],"type":"Polygon"},"id":"candidate-0798","properties":{},"type":"Feature"},{"geometry":{"coordinates":[[[-12.150970427308772,-16.520637746038258],[-12.150970427308772,-15.422608083440599],[-9.850766689904566,-15.422608083440599],[-9.850766689904566,-16.520637746038258],[-12.150970427308772,-16.520637746038258]]],"type":"Polygon"},"id":"candidate-0799","properties":{},"type":"Feature"},{"geometry":{"coordinates":[[[-71.82294560169426,54.18845140543471],[-71.82294560169426,56.2786619499015],[-70.2360762490405,56.2786619499015],[-70.2360762490405,54.18845140543471],[-71.82294560169426,54.18845140543471]]],"type":"Polygon"},"id":"candidate-0800","properties":{},"type":"Feature"},{"geometry":{"coordinates":[[[-30.978659202791064,-25.8530047494173],[-30.978659202791064,-24.139142032731957],[-29.884563329680347,-24.139142032731957],[-29.884563329680347,-25.8530047494173],[-30.978659202791064,-25.8530047494173]]],"type":"Polygon"},"id":"candidate-0801","properties":{},"type":"Feature"},{"geometry":{"coordinates":[[[131.44306249986857,-14.64706244505121],[131.44306249986857,-12.972482176483831],[133.2316087908406,-12.972482176483831],[133.2316087908406,-14.64706244505121],[131.44306249986857,-14.64706244505121]]],"type":"Polygon"},"id":"candidate-0802","properties":{},"type":"Feature"},{"geometry":{"coordinates":[[[15.14205723513841,-55.43421978449288],[15.14205723513841,-53.130588475919595],[16.932115229552537,-53.130588475919595],[16.932115229552537,-55.43421978449288],[15.14205723513841,-55.43421978449288]]],"type":"Polygon"},"id":"candidate-0803","properties":{},"type":"Feature"},{"geometry":{"coordinates":[[[52.49777775715828,28.794284069182094],[52.49777775715828,30.816357599467796],[54.140267312565435,30.816357599467796],[54.140267312565435,28.794284069182094],[52.49777775715828,28.794284069182094]]],"type":"Polygon"},"id":"candidate-0804","properties":{},"type":"Feature"},{"geometry":{"coordinates":[[[76.22483096995612,32.84068072469039],[76.22483096995612,34.6468760386701],[78.27319957866823,34.6468760386701],[78.27319957866823,32.84068072469039],[76.22483096995612,32.84068072469039]]],"type":"Polygon"},"id":"candidate-0805","properties":{},"type":"Feature"},{"geometry":{"coordinates":[[[-100.3633521343935,10.30844282431653],[-100.3633521343935,11.294194092712331],[-98.83751614790944,11.294194092712331],[-98.83751614790944,10.30844282431653],[-100.3633521343935,10.30844282431653]]],"type":"Polygon"},"id":"candidate-0806","properties":{},"type":"Feature"},{"geometry":{"coordinates":[[[-40.863936357916316,28.169232899417224],[-40.863936357916316,29.03432343950412],[-38.765659467050284,29.03432343950412],[-38.765659467050284,28.169232899417224],[-40.863936357916316,28.169232899417224]]],"type":"Polygon"},"id":"candidate-0807","properties":{},"type":"Feature"},{"geometry":{"coordinates":[[[-70.78996295883573,2.0593615607628695],[-70.78996295883573,3.8020545975709408],[-69.7380565271713,3.8020545975709408],[-69.7380565271713,2.0593615607628695],[-70.78996295883573,2.0593615607628695]]],"type":"Polygon"},"id":"candidate-0808","properties":{},"type":"Feature"},{"geometry":{"coordinates":[[[-144.2556125591519,-14.975652465634585],[-144.2556125591519,-13.848612139060474],[-142.7137309583696,-13.848612139060474],[-142.7137309583696,-14.975652465634585],[-144.2556125591519,-14.975652465634585]]],"type":"Polygon"},"id":"candidate-0809","properties":{},"type":"Feature"},{"geometry":{"coordinates":[[[16.41906647934457,-31.231623431804604],[16.41906647934457,-30.819098707779492],[17.966389492605796,-30.819098707779492],[17.966389492605796,-31.231623431804604],[16.41906647934457,-31.231623431804604]]],"type":"Polygon"},"id":"candidate-0810","properties":{},"type":"Feature"},{"geometry":{"coordinates":[[[145.42438814206213,32.00446738490996],[145.42438814206213,34.41795609385056],[145.78870513862074,34.41795609385056],[145.78870513862074,32.00446738490996],[145.42438814206213,32.00446738490996]]],"type":"Polygon"},"id":"candidate-0811","properties":{},"type":"Feature"},{"geometry":{"coordinates":[[[54.33423313180789,48.74544970444751],[54.33423313180789,49.1163923232379],[56.353163395642625,49.1163923232379],[56.353163395642625,48.74544970444751],[54.33423313180789,48.74544970444751]]],"type":"Polygon"},"id":"candidate-0812","properties":{},"type":"Feature"},{"geometry":{"coordinates":[[[-155.00016864971158,-23.933418428153225],[-155.00016864971158,-23.19362388440593],[-154.34692826196746,-23.19362388440593],[-154.34692826196746,-23.933418428153225],[-155.00016864971158,-23.933418428153225]]],"type":"Polygon"},"id":"candidate-0813","properties":{},"type":"Feature"},{"geometry":{"coordinates":[[[-126.9478845693685,43.59684548294112],[-126.9478845693685,45.535848522164514],[-125.45420293284467,45.535848522164514],[-125.45420293284467,43.59684548294112],[-126.9478845693685,43.59684548294112]]],"type":"Polygon"},"id":"candidate-0814","properties":{},"type":"Feature"},{"geometry":{"coordinates":[[[-79.73215161072102,-28.162482874109255],[-79.73215161072102,-27.085815515964104],[-79.1222032172293,-27.085815515964104],[-79.1222032172293,-28.162482874109255],[-79.73215161072102,-28.162482874109255]]],"type":"Polygon"},"id":"candidate-0815","properties":{},"type":"Feature"},{"geometry":{"coordinates":[[[104.16368672911557,44.536037937876955],[104.16368672911557,46.946793328125295],[106.31802012870065,46.946793328125295],[106.31802012870065,44.536037937876955],[104.16368672911557,44.536037937876955]]],"type":"Polygon"},"id":"candidate-0816","properties":{},"type":"Feature"},{"geometry":{"coordinates":[[[-120.33404557387394,-49.896782093005285],[-120.33404557387394,-48.97132247295036],[-118.20956023810265,-48.97132247295036],[-118.20956023810265,-49.896782093005285],[-120.33404557387394,-49.896782093005285]]],"type":"Polygon"},"id":"candidate-0817","properties":{},"type":"Feature"},{"geometry":{"coordinates":[[[-147.93351140532704,65.34871118663925],[-147.93351140532704,66.90305607529653],[-145.59068333325288,66.90305607529653],[-145.59068333325288,65.34871118663925],[-147.93351140532704,65.34871118663925]]],"type":"Polygon"},"id":"candidate-0818","properties":{},"type":"Feature"},{"geometry":{"coordinates":[[[-92.56548654416787,-24.567111561412258],[-92.56548654416787,-22.150749877082458],[-91.88855517350129,-22.150749877082458],[-91.88855517350129,-24.567111561412258],[-92.56548654416787,-24.567111561412258]]],"type":"Polygon"},"id":"candidate-0819","properties":{},"type":"Feature"},{"geometry":{"coordinates":[[[-71.53482886040916,54.983724850177516],[-71.53482886040916,57.38272255996568],[-70.6196913501199,57.38272255996568],[-70.6196913501199,54.983724850177516],[-71.53482886040916,54.983724850177516]]],"type":"Polygon"},"id":"candidate-0820","properties":{},"type":"Feature"},{"geometry":{"coordinates":[[[-150.9738727920697,72.27879086621743],[-150.9738727920697,73.53595124284706],[-148.78384164491706,73.53595124284706],[-148.78384164491706,72.27879086621743],[-150.9738727920697,72.27879086621743]]],"type":"Polygon"},"id":"candidate-0821","properties":{},"type":"Feature"},{"geometry":{"coordinates":[[[72.03741146793558,63.57105113805369],[72.03741146793558,64.73454348443403],[72.67968598317114,64.73454348443403],[72.67968598317114,63.57105113805369],[72.03741146793558,63.57105113805369]]],"type":"Polygon"},"id":"candidate-0822","properties":{},"type":"Feature"},{"geometry":{"coordinates":[[[-143.333545686783,21.036427383899852],[-143.333545686783,21.66908840567316],[-140.90958615433533,21.66908840567316],[-140.90958615433533,21.036427383899852],[-143.333545686783,21.036427383899852]]],"type":"Polygon"},"id":"candidate-0823","properties":{},"type":"Feature"},{"geometry":{"coordinates":[[[142.57698241340685,34.50135490704617],[142.57698241340685,36.484880786326634],[143.47994666004516,36.484880786326634],[143.47994666004516,34.50135490704617],[142.57698241340685,34.50135490704617]]],"type":"Polygon"},"id":"candidate-0824","properties":{},"type":"Feature"},{"geometry":{"coordinates":[[[-68.24097691252541,-13.889405502048232],[-68.24097691252541,-12.949398335070628],[-66.31111676291513,-12.949398335070628],[-66.31111676291513,-13.889405502048232],[-68.24097691252541,-13.889405502048232]]],"type":"Polygon"},"id":"candidate-0825","properties":{},"type":"Feature"},{"geometry":{"coordinates":[[[-84.98838389151673,14.610749390469396],[-84.98838389151673,15.7751793511146],[-84.31703340214854,15.7751793511146],[-84.31703340214854,14.610749390469396],[-84.98838389151673,14.610749390469396]]],"type":"Polygon"},"id":"candidate-0826","properties":{},"type":"Feature"},{"geometry":{"coordinates":[[[-82.45807609573072,-10.895315326443486],[-82.45807609573072,-9.772876105100176],[-80.23579772191826,-9.772876105100176],[-80.23579772191826,-10.895315326443486],[-82.45807609573072,-10.895315326443486]]],"type":"Polygon"},"id":"candidate-0827","properties":{},"type":"Feature"},{"geometry":{"coordinates":[[[141.14755282779905,-16.11768332239509],[141.14755282779905,-15.586784431183277],[143.43124728551365,-15.586784431183277],[143.43124728551365,-16.11768332239509],[141.14755282779905,-16.11768332239509]]],"type":"Polygon"},"id":"candidate-0828","properties":{},"type":"Feature"},{"geometry":{"coordinates":[[[-69.92296735236717,19.229571818262208],[-69.92296735236717,21.697541946941236],[-69.60200374265109,21.697541946941236],[-69.60200374265109,19.229571818262208],[-69.92296735236717,19.229571818262208]]],"type":"Polygon"},"id":"candidate-0829","properties":{},"type":"Feature"},{"geometry":{"coordinates":[[[-65.4474820404563,32.5896240848882],[-65.4474820404563,34.74997357580533],[-64.59036432076485,34.74997357580533],[-64.59036432076485,32.5896240848882],[-65.4474820404563,32.5896240848882]]],"type":"Polygon"},"id":"candidate-0830","properties":{},"type":"Feature"},{"geometry":{"coordinates":[[[-108.37269558206442,-8.473939888365704],[-108.37269558206442,-6.480104010900464],[-107.7500865336426,-6.480104010900464],[-107.7500865336426,-8.473939888365704],[-108.37269558206442,-8.473939888365704]]],"type":"Polygon"},"id":"candidate-0831","properties":{},"type":"Feature"},{"geometry":{"coordinates":[[[107.4130950521016,-33.20545893309062],[107.4130950521016,-32.271588190863106],[109.1220432512585,-32.271588190863106],[109.1220432512585,-33.20545893309062],[107.4130950521016,-33.20545893309062]]],"type":"Polygon"},"id":"candidate-0832","properties":{},"type":"Feature"},{"geometry":{"coordinates":[[[-84.85956977609348,13.702547632100275],[-84.85956977609348,16.192492096521164],[-83.67823882899677,16.192492096521164],[-83.67823882899677,13.702547632100275],[-84.85956977609348,13.702547632100275]]],"type":"Polygon"},"id":"candidate-0833","properties":{},"type":"Feature"},{"geometry":{"coordinates":[[[-141.5770774634143,17.53052960815469],[-141.5770774634143,19.065019230486318],[-140.898061330007,19.065019230486318],[-140.898061330007,17.53052960815469],[-141.5770774634143,17.53052960815469]]],"type":"Polygon"},"id":"candidate-0834","properties":{},"type":"Feature"},{"geometry":{"coordinates":[[[90.3111394970604,74.59240262948451],[90.3111394970604,75.24295029993552],[90.89000589698705,75.24295029993552],[90.89000589698705,74.59240262948451],[90.3111394970604,74.59240262948451]]],"type":"Polygon"},"id":"candidate-0835","properties":{},"type":"Feature"},{"geometry":{"coordinates":[[[35.4813560199344,52.48118753614645],[35.4813560199344,53.40170783307789],[36.098378257180535,53.40170783307789],[36.098378257180535,52.48118753614645],[35.4813560199344,52.48118753614645]]],"type":"Polygon"},"id":"candidate-0836","properties":{},"type":"Feature"},{"geometry":{"coordinates":[[[90.78721803138143,31.176578041805634],[90.78721803138143,32.35770299399349],[92.27388656291856,32.35770299399349],[92.27388656291856,31.176578041805634],[90.78721803138143,31.176578041805634]]],"type":"Polygon"},"id":"candidate-0837","properties":{},"type":"Feature"},{"geometry":{"coordinates":[[[4.240947761530808,53.388754901770426],[4.240947761530808,54.366841958349596],[6.18923266578852,54.366841958349596],[6.18923266578852,53.388754901770426],[4.240947761530808,53.388754901770426]]],"type":"Polygon"},"id":"candidate-0838","properties":{},"type":"Feature"},{"geometry":{"coordinates":[[[35.58420645373851,65.01112968269688],[35.58420645373851,66.56311232279835],[36.51273979702214,66.56311232279835],[36.51273979702214,65.01112968269688],[35.58420645373851,65.01112968269688]]],"type":"Polygon"},"id":"candidate-0839","properties":{},"type":"Feature"},{"geometry":{"coordinates":[[[-6.4031759243267725,-17.51716044023288],[-6.4031759243267725,-17.023090303295948],[-5.664397265510276,-17.023090303295948],[-5.664397265510276,-17.51716044023288],[-6.4031759243267725,-17.51716044023288]]],"type":"Polygon"},"id":"candidate-0840","properties":{},"type":"Feature"},{"geometry":{"coordinates":[[[-61.30362490494673,-41.90252751546645],[-61.30362490494673,-39.73497784025876],[-59.7902621825597,-39.73497784025876],[-59.7902621825597,-41.90252751546645],[-61.30362490494673,-41.90252751546645]]],"type":"Polygon"},"id":"candidate-0841","properties":{},"type":"Feature"},{"geometry":{"coordinates":[[[94.30165963263241,-53.22316199360296],[94.30165963263241,-52.760973047287635],[95.61253833129436,-52.760973047287635],[95.61253833129436,-53.22316199360296],[94.30165963263241,-53.22316199360296]]],"type":"Polygon"},"id":"candidate-0842","properties":{},"type":"Feature"},{"geometry":{"coordinates":[[[162.07644063770388,-25.263626846641685],[162.07644063770388,-24.8510128571856],[164.54375600878947,-24.8510128571856],[164.54375600878947,-25.263626846641685],[162.07644063770388,-25.263626846641685]]],"type":"Polygon"},"id":"candidate-0843","properties":{},"type":"Feature"},{"geometry":{"coordinates":[[[125.43723285552555,57.535310125076315],[125.43723285552555,59.324783390541164],[127.34167537737422,59.324783390541164],[127.34167537737422,57.535310125076315],[125.43723285552555,57.535310125076315]]],"type":"Polygon"},"id":"candidate-0844","properties":{},"type":"Feature"},{"geometry":{"coordinates":[[[-71.6064589068333,-50.47008621554196],[-71.6064589068333,-49.33449372814736],[-70.0625979479884,-49.33449372814736],[-70.0625979479884,-50.47008621554196],[-71.6064589068333,-50.47008621554196]]],"type":"Polygon"},"id":"candidate-0845","properties":{},"type":"Feature"},{"geometry":{"coordinates":[[[-124.86925257497761,-49.518306934644826],[-124.86925257497761,-47.40189524196019],[-123.60043213350805,-47.40189524196019],[-123.60043213350805,-49.518306934644826],[-124.86925257497761,-49.518306934644826]]],"type":"Polygon"},"id":"candidate-0846","properties":{},"type":"Feature"},{"geometry":{"coordinates":[[[-67.21483659928761,62.18222043956244],[-67.21483659928761,63.4927394744589],[-64.97611227926878,63.4927394744589],[-64.97611227926878,62.18222043956244],[-67.21483659928761,62.18222043956244]]],"type":"Polygon"},"id":"candidate-0847","properties":{},"type":"Feature"},{"geometry":{"coordinates":[[[-113.04149689171673,40.85794642513678],[-113.04149689171673,43.112029382600134],[-111.72928366328905,43.112029382600134],[-111.72928366328905,40.85794642513678],[-113.04149689171673,40.85794642513678]]],"type":"Polygon"},"id":"candidate-0848","properties":{},"type":"Feature"},{"geometry":{"coordinates":[[[-139.335468428522,20.93512076382757],[-139.335468428522,21.593776753382713],[-137.0509633977822,21.593776753382713],[-137.0509633977822,20.93512076382757],[-139.335468428522,20.93512076382757]]],"type":"Polygon"},"id":"candidate-0849","properties":{},"type":"Feature"},{"geometry":{"coordinates":[[[33.903972224961095,52.074762187793894],[33.903972224961095,52.43122485020599],[35.6205452270883,52.43122485020599],[35.6205452270883,52.074762187793894],[33.903972224961095,52.074762187793894]]],"type":"Polygon"},"id":"candidate-0850","properties":{},"type":"Feature"},{"geometry":{"coordinates":[[[-54.66895087607708,-5.099138383116411],[-54.66895087607708,-2.983660212596036],[-53.35954631153384,-2.983660212596036],[-53.35954631153384,-5.099138383116411],[-54.66895087607708,-5.099138383116411]]],"type":"Polygon"},"id":"candidate-0851","properties":{},"type":"Feature"},{"geometry":{"coordinates":[[[124.19192175713884,68.39368253024504],[124.19192175713884,70.47322397952122],[124.54282022758788,70.47322397952122],[124.54282022758788,68.39368253024504],[124.19192175713884,68.39368253024504]]],"type":"Polygon"},"id":"candidate-0852","properties":{},"type":"Feature"},{"geometry":{"coordinates":[[[-75.4849266888193,29.032728929240314],[-75.4849266888193,30.30744571475841],[-73.77213953646968,30.30744571475841],[-73.77213953646968,29.032728929240314],[-75.4849266888193,29.032728929240314]]],"type":"Polygon"},"id":"candidate-0853","properties":{},"type":"Feature"},{"geometry":{"coordinates":[[[-72.79632818958301,48.82282328863621],[-72.79632818958301,49.144567690792236],[-70.8783799828857,49.144567690792236],[-70.8783799828857,48.82282328863621],[-72.79632818958301,48.82282328863621]]],"type":"Polygon"},"id":"candidate-0854","properties":{},"type":"Feature"},{"geometry":{"coordinates":[[[84.66015802589214,59.50243892335083],[84.66015802589214,61.50795212413687],[86.30035053463934,61.50795212413687],[86.30035053463934,59.50243892335083],[84.66015802589214,59.50243892335083]]],"type":"Polygon"},"id":"candidate-0855","properties":{},"type":"Feature"},{"geometry":{"coordinates":[[[-46.370061548173425,-53.24191775330177],[-46.370061548173425,-52.577115202987606],[-45.23174535914018,-52.577115202987606],[-45.23174535914018,-53.24191775330177],[-46.370061548173425,-53.24191775330177]]],"type":"Polygon"},"id":"candidate-0856","properties":{},"type":"Feature"},{"geometry":{"coordinates":[[[104.5563294346263,50.075570135858484],[104.5563294346263,52.11064765147928],[104.96921656121715,52.11064765147928],[104.96921656121715,50.075570135858484],[104.5563294346263,50.075570135858484]]],"type":"Polygon"},"id":"candidate-0857","properties":{},"type":"Feature"},{"geometry":{"coordinates":[[[-117.33214179823621,73.9331687778992],[-117.33214179823621,74.31217921133083],[-115.15496429055686,74.31217921133083],[-115.15496429055686,73.9331687778992],[-117.33214179823621,73.9331687778992]]],"type":"Polygon"},"id":"candidate-0858","properties":{},"type":"Feature"},{"geometry":{"coordinates":[[[49.27372244597061,-42.99931414965849],[49.27372244597061,-40.89757503377275],[51.286689069033194,-40.89757503377275],[51.286689069033194,-42.99931414965849],[49.27372244597061,-42.99931414965849]]],"type":"Polygon"},"id":"candidate-0859","properties":{},"type":"Feature"},{"geometry":{"coordinates":[[[45.2420261597893,28.364304084095863],[45.2420261597893,29.17462071608304],[45.858880160848976,29.17462071608304],[45.858880160848976,28.364304084095863],[45.2420261597893,28.364304084095863]]],"type":"Polygon"},"id":"candidate-0860","properties":{},"type":"Feature"},{"geometry":{"coordinates":[[[60.85671561092455,27.988374432696077],[60.85671561092455,29.189435060327412],[63.053778334508635,29.189435060327412],[63.053778334508635,27.988374432696077],[60.85671561092455,27.988374432696077]]],"type":"Polygon"},"id":"candidate-0861","properties":{},"type":"Feature"},{"geometry":{"coordinates":[[[86.79496411909906,38.7261812665432],[86.79496411909906,40.7783939679478],[88.35188361107294,40.7783939679478],[88.35188361107294,38.7261812665432],[86.79496411909906,38.7261812665432]]],"type":"Polygon"},"id":"candidate-0862","properties":{},"type":"Feature"},{"geometry":{"coordinates":[[[70.51376750162407,-42.87189768324077],[70.51376750162407,-42.37263434409875],[71.56994282175648,-42.37263434409875],[71.56994282175648,-42.87189768324077],[70.51376750162407,-42.87189768324077]]],"type":"Polygon"},"id":"candidate-0863","properties":{},"type":"Feature"},{"geometry":{"coordinates":[[[-124.83383350392809,6.9783687540065875],[-124.83383350392809,8.743597560338808],[-124.22463152337097,8.743597560338808],[-124.22463152337097,6.9783687540065875],[-124.83383350392809,6.9783687540065875]]],"type":"Polygon"},"id":"candidate-0864","properties":{},"type":"Feature"},{"geometry":{"coordinates":[[[58.73275397802539,28.653159006592574],[58.73275397802539,29.128971048799627],[60.10063438416969,29.128971048799627],[60.10063438416969,28.653159006592574],[58.73275397802539,28.653159006592574]]],"type":"Polygon"},"id":"candidate-0865","properties":{},"type":"Feature"},{"geometry":{"coordinates":[[[77.37464359697294,-47.66506621037755],[77.37464359697294,-47.2783179851582],[78.61269377456539,-47.2783179851582],[78.61269377456539,-47.66506621037755],[77.37464359697294,-47.66506621037755]]],"type":"Polygon"},"id":"candidate-0866","properties":{},"type":"Feature"},{"geometry":{"coordinates":[[[34.76363494850046,43.61550226287117],[34.76363494850046,46.10646892779953],[36.91303363210613,46.10646892779953],[36.91303363210613,43.61550226287117],[34.76363494850046,43.61550226287117]]],"type":"Polygon"},"id":"candidate-0867","properties":{},"type":"Feature"},{"geometry":{"coordinates":[[[108.35124499420623,47.38837941348065],[108.35124499420623,48.99572686180544],[108.90400353309555,48.99572686180544],[108.90400353309555,47.38837941348065],[108.35124499420623,47.38837941348065]]],"type":"Polygon"},"id":"candidate-0868","properties":{},"type":"Feature"},{"geometry":{"coordinates":[[[-38.993167371035675,44.95427277102407],[-38.993167371035675,46.06151657241086],[-37.21890265587029,46.06151657241086],[-37.21890265587029,44.95427277102407],[-38.993167371035675,44.95427277102407]]],"type":"Polygon"},"id":"candidate-0869","properties":{},"type":"Feature"},{"geometry":{"coordinates":[[[121.59877262315912,-9.80060407980976],[121.59877262315912,-9.21795262354287],[122.47172036501489,-9.21795262354287],[122.47172036501489,-9.80060407980976],[121.59877262315912,-9.80060407980976]]],"type":"Polygon"},"id":"candidate-0870","properties":{},"type":"Feature"},{"geometry":{"coordinates":[[[149.83962422892478,58.81235302324989],[149.83962422892478,61.26806855245025],[151.94090668391686,61.26806855245025],[151.94090668391686,58.81235302324989],[149.83962422892478,58.81235302324989]]],"type":"Polygon"},"id":"candidate-0871","properties":{},"type":"Feature"},{"geometry":{"coordinates":[[[77.40753887447859,53.30649844659916],[77.40753887447859,53.870503988388954],[78.17996430022923,53.870503988388954],[78.17996430022923,53.30649844659916],[77.40753887447859,53.30649844659916]]],"type":"Polygon"},"id":"candidate-0872","properties":{},"type":"Feature"},{"geometry":{"coordinates":[[[-44.11070178240725,71.11379318850712],[-44.11070178240725,72.88360164289233],[-42.03591480224419,72.88360164289233],[-42.03591480224419,71.11379318850712],[-44.11070178240725,71.11379318850712]]],"type":"Polygon"},"id":"candidate-0873","properties":{},"type":"Feature"},{"geometry":{"coordinates":[[[123.04349038550775,-38.53380394084482],[123.04349038550775,-37.26353964693246],[124.37100932334376,-37.26353964693246],[124.37100932334376,-38.53380394084482],[123.04349038550775,-38.53380394084482]]],"type":"Polygon"},"id":"candidate-0874","properties":{},"type":"Feature"},{"geometry":{"coordinates":[[[163.95482957792586,-48.724535474600934],[163.95482957792586,-48.32727456191835],[165.8623833248668,-48.32727456191835],[165.8623833248668,-48.724535474600934],[163.95482957792586,-48.724535474600934]]],"type":"Polygon"},"id":"candidate-0875","properties":{},"type":"Feature"},{"geometry":{"coordinates":[[[-55.01688742834148,-41.77241555397282],[-55.01688742834148,-40.75727891484284],[-53.426555855404786,-40.75727891484284],[-53.426555855404786,-41.77241555397282],[-55.01688742834148,-41.77241555397282]]],"type":"Polygon"},"id":"candidate-0876","properties":{},"type":"Feature"},{"geometry":{"coordinates":[[[161.097869923321,70.34228687201441],[161.097869923321,71.25392620711914],[163.06425246773097,71.25392620711914],[163.06425246773097,70.34228687201441],[161.097869923321,70.34228687201441]]],"type":"Polygon"},"id":"candidate-0877","properties":{},"type":"Feature"},{"geometry":{"coordinates":[[[-143.02066697011048,38.53773663709018],[-143.02066697011048,40.925659272782696],[-142.51137197842297,40.925659272782696],[-142.51137197842297,38.53773663709018],[-143.02066697011048,38.53773663709018]]],"type":"Polygon"},"id":"candidate-0878","properties":{},"type":"Feature"},{"geometry":{"coordinates":[[[-101.66960083411513,-11.586656788161065],[-101.66960083411513,-10.22750671907123],[-99.74113814769825,-10.22750671907123],[-99.74113814769825,-11.586656788161065],[-101.66960083411513,-11.586656788161065]]],"type":"Polygon"},"id":"candidate-0879","properties":{},"type":"Feature"},{"geometry":{"coordinates":[[[125.14986684151955,-16.892498285626502],[125.14986684151955,-15.000202765858477],[126.52919846620244,-15.000202765858477],[126.52919846620244,-16.892498285626502],[125.14986684151955,-16.892498285626502]]],"type":"Polygon"},"id":"candidate-0880","properties":{},"type":"Feature"},{"geometry":{"coordinates":[[[95.06048717516664,-15.510090118449952],[95.06048717516664,-13.886105098148818],[96.84814256530895,-13.886105098148818],[96.84814256530895,-15.510090118449952],[95.06048717516664,-15.510090118449952]]],"type":"Polygon"},"id":"candidate-0881","properties":{},"type":"Feature"},{"geometry":{"coordinates":[[[31.738802252773205,12.450845453864478],[31.738802252773205,14.23944720472343],[33.65022748404761,14.23944720472343],[33.65022748404761,12.450845453864478],[31.738802252773205,12.450845453864478]]],"type":"Polygon"},"id":"candidate-0882","properties":{},"type":"Feature"},{"geometry":{"coordinates":[[[8.414434093443115,60.680963098685844],[8.414434093443115,61.66975149615693],[10.81420169166943,61.66975149615693],[10.81420169166943,60.680963098685844],[8.414434093443115,60.680963098685844]]],"type":"Polygon"},"id":"candidate-0883","properties":{},"type":"Feature"},{"geometry":{"coordinates":[[[-14.619221825704871,-34.53870544794024],[-14.619221825704871,-34.105359536688844],[-13.302433283641447,-34.105359536688844],[-13.302433283641447,-34.53870544794024],[-14.619221825704871,-34.53870544794024]]],"type":"Polygon"},"id":"candidate-0884","properties":{},"type":"Feature"},{"geometry":{"coordinates":[[[58.809953672731176,-42.20250008317867],[58.809953672731176,-39.766311956942126],[60.29492858996759,-39.766311956942126],[60.29492858996759,-42.20250008317867],[58.809953672731176,-42.20250008317867]]],"type":"Polygon"},"id":"candidate-0885","properties":{},"type":"Feature"},{"geometry":{"coordinates":[[[-108.17435692592774,20.319135410899538],[-108.17435692592774,21.70477307328211],[-107.33716484978616,21.70477307328211],[-107.33716484978616,20.319135410899538],[-108.17435692592774,20.319135410899538]]],"type":"Polygon"},"id":"candidate-0886","properties":{},"type":"Feature"},{"geometry":{"coordinates":[[[-156.453855882583,24.0138870630815],[-156.453855882583,26.278602201929356],[-154.62368746437568,26.278602201929356],[-154.62368746437568,24.0138870630815],[-156.453855882583,24.0138870630815]]],"type":"Polygon"},"id":"candidate-0887","properties":{},"type":"Feature"},{"geometry":{"coordinates":[[[-84.14392099640985,28.480732334363687],[-84.14392099640985,29.487221234759694],[-82.18587536188959,29.487221234759694],[-82.18587536188959,28.480732334363687],[-84.14392099640985,28.480732334363687]]],"type":"Polygon"},"id":"candidate-0888","properties":{},"type":"Feature"},{"geometry":{"coordinates":[[[-57.37832114438127,-2.094236694203103],[-57.37832114438127,-0.5481534892791458],[-55.11975447583162,-0.5481534892791458],[-55.11975447583162,-2.094236694203103],[-57.37832114438127,-2.094236694203103]]],"type":"Polygon"},"id":"candidate-0889","properties":{},"type":"Feature"},{"geometry":{"coordinates":[[[4.564241259554429,56.3588989588427],[4.564241259554429,57.539862061993375],[6.742877579944313,57.539862061993375],[6.742877579944313,56.3588989588427],[4.564241259554429,56.3588989588427]]],"type":"Polygon"},"id":"candidate-0890","properties":{},"type":"Feature"},{"geometry":{"coordinates":[[[-85.42575422385885,-1.1893422047883926],[-85.42575422385885,0.9302309679896335],[-84.36298544773213,0.9302309679896335],[-84.36298544773213,-1.1893422047883926],[-85.42575422385885,-1.1893422047883926]]],"type":"Polygon"},"id":"candidate-0891","properties":{},"type":"Feature"},{"geometry":{"coordinates":[[[-125.8226716887947,20.196241405325196],[-125.8226716887947,22.409832314973727],[-125.12567492975226,22.409832314973727],[-125.12567492975226,20.196241405325196],[-125.8226716887947,20.196241405325196]]],"type":"Polygon"},"id":"candidate-0892","properties":{},"type":"Feature"},{"geometry":{"coordinates":[[[-134.37899243673522,40.47194730185626],[-134.37899243673522,42.91893814057073],[-133.07237042994635,42.91893814057073],[-133.07237042994635,40.47194730185626],[-134.37899243673522,40.47194730185626]]],"type":"Polygon"},"id":"candidate-0893","properties":{},"type":"Feature"},{"geometry":{"coordinates":[[[47.437453587327816,-30.050254809491832],[47.437453587327816,-28.413115332414137],[49.51534545073229,-28.413115332414137],[49.51534545073229,-30.050254809491832],[47.437453587327816,-30.050254809491832]]],"type":"Polygon"},"id":"candidate-0894","properties":{},"type":"Feature"},{"geometry":{"coordinates":[[[131.70548959889575,-9.442767641900412],[131.70548959889575,-7.97123262259027],[132.8160762098324,-7.97123262259027],[132.8160762098324,-9.442767641900412],[131.70548959889575,-9.442767641900412]]],"type":"Polygon"},"id":"candidate-0895","properties":{},"type":"Feature"},{"geometry":{"coordinates":[[[59.721069191833834,-13.77599136970854],[59.721069191833834,-11.82022702368459],[60.30721842867629,-11.82022702368459],[60.30721842867629,-13.77599136970854],[59.721069191833834,-13.77599136970854]]],"type":"Polygon"},"id":"candidate-0896","properties":{},"type":"Feature"},{"geometry":{"coordinates":[[[-33.75436830583939,-5.143424770787062],[-33.75436830583939,-4.4505846667871385],[-32.174392174524,-4.4505846667871385],[-32.174392174524,-5.143424770787062],[-33.75436830583939,-5.143424770787062]]],"type":"Polygon"},"id":"candidate-0897","properties":{},"type":"Feature"},{"geometry":{"coordinates":[[[-51.376584020301266,18.272359155053273],[-51.376584020301266,20.36356476026952],[-51.003824831651855,20.36356476026952],[-51.003824831651855,18.272359155053273],[-51.376584020301266,18.272359155053273]]],"type":"Polygon"},"id":"candidate-0898","properties":{},"type":"Feature"},{"geometry":{"coordinates":[[[153.12319882687183,11.076019469870042],[153.12319882687183,11.779488685871959],[154.76141010239638,11.779488685871959],[154.76141010239638,11.076019469870042],[153.12319882687183,11.076019469870042]]],"type":"Polygon"},"id":"candidate-0899","properties":{},"type":"Feature"},{"geometry":{"coordinates":[[[46.15462725665387,18.209131552026],[46.15462725665387,19.43736379855435],[47.477044525231435,19.43736379855435],[47.477044525231435,18.209131552026],[46.15462725665387,18.209131552026]]],"type":"Polygon"},"id":"candidate-0900","properties":{},"type":"Feature"},{"geometry":{"coordinates":[[[71.8429567170358,-42.73302904266622],[71.8429567170358,-41.29629466146649],[73.8129610957509,-41.29629466146649],[73.8129610957509,-42.73302904266622],[71.8429567170358,-42.73302904266622]]],"type":"Polygon"},"id":"candidate-0901","properties":{},"type":"Feature"},{"geometry":{"coordinates":[[[-157.70700204995845,19.830787154538278],[-157.70700204995845,21.629162025233462],[-155.5162300920786,21.629162025233462],[-155.5162300920786,19.830787154538278],[-157.70700204995845,19.830787154538278]]],"type":"Polygon"},"id":"candidate-0902","properties":{},"type":"Feature"},{"geometry":{"coordinates":[[[-90.72164495751046,-39.28614304125216],[-90.72164495751046,-38.49987450299113],[-89.64634810306201,-38.49987450299113],[-89.64634810306201,-39.28614304125216],[-90.72164495751046,-39.28614304125216]]],"type":"Polygon"},"id":"candidate-0903","properties":{},"type":"Feature"},{"geometry":{"coordinates":[[[7.192133921463499,44.36416398751942],[7.192133921463499,45.7052094324238],[9.531593203703432,45.7052094324238],[9.531593203703432,44.36416398751942],[7.192133921463499,44.36416398751942]]],"type":"Polygon"},"id":"candidate-0904","properties":{},"type":"Feature"},{"geometry":{"coordinates":[[[79.36361340670574,-40.531527459820865],[79.36361340670574,-38.56166643084816],[81.2635518849625,-38.56166643084816],[81.2635518849625,-40.531527459820865],[79.36361340670574,-40.531527459820865]]],"type":"Polygon"},"id":"candidate-0905","properties":{},"type":"Feature"},{"geometry":{"coordinates":[[[94.44614934422825,54.519591008261564],[94.44614934422825,54.99086070268819],[95.02655542136543,54.99086070268819],[95.02655542136543,54.519591008261564],[94.44614934422825,54.519591008261564]]],"type":"Polygon"},"id":"candidate-0906","properties":{},"type":"Feature"},{"geometry":{"coordinates":[[[11.518638799805354,36.797100840692316],[11.518638799805354,38.9119899049173],[11.853200656187004,38.9119899049173],[11.853200656187004,36.797100840692316],[11.518638799805354,36.797100840692316]]],"type":"Polygon"},"id":"candidate-0907","properties":{},"type":"Feature"},{"geometry":{"coordinates":[[[-93.68437585680293,6.673326083912842],[-93.68437585680293,7.944918053752444],[-93.3298201340122,7.944918053752444],[-93.3298201340122,6.673326083912842],[-93.68437585680293,6.673326083912842]]],"type":"Polygon"},"id":"candidate-0908","properties":{},"type":"Feature"},{"geometry":{"coordinates":[[[58.53212367399281,14.187495125254344],[58.53212367399281,16.54890384099494],[59.62880600652547,16.54890384099494],[59.62880600652547,14.187495125254344],[58.53212367399281,14.187495125254344]]],"type":"Polygon"},"id":"candidate-0909","properties":{},"type":"Feature"},{"geometry":{"coordinates":[[[-28.776020512364713,19.0511310335672],[-28.776020512364713,21.031192109581443],[-26.55000001058414,21.031192109581443],[-26.55000001058414,19.0511310335672],[-28.776020512364713,19.0511310335672]]],"type":"Polygon"},"id":"candidate-0910","properties":{},"type":"Feature"},{"geometry":{"coordinates":[[[135.48548827123255,39.31694963326305],[135.48548827123255,40.71409148599406],[136.37469782433044,40.71409148599406],[136.37469782433044,39.31694963326305],[135.48548827123255,39.31694963326305]]],"type":"Polygon"},"id":"candidate-0911","properties":{},"type":"Feature"},{"geometry":{"coordinates":[[[3.6506215384098404,17.65007682228327],[3.6506215384098404,18.62849537673898],[5.72031082784957,18.62849537673898],[5.72031082784957,17.65007682228327],[3.6506215384098404,17.65007682228327]]],"type":"Polygon"},"id":"candidate-0912","properties":{},"type":"Feature"},{"geometry":{"coordinates":[[[-97.91438866760245,-54.57798707931035],[-97.91438866760245,-53.137514868178215],[-95.50610270298313,-53.137514868178215],[-95.50610270298313,-54.57798707931035],[-97.91438866760245,-54.57798707931035]]],"type":"Polygon"},"id":"candidate-0913","properties":{},"type":"Feature"},{"geometry":{"coordinates":[[[155.71058208177567,-17.07080570580935],[155.71058208177567,-16.1358494846491],[156.96706096234902,-16.1358494846491],[156.96706096234902,-17.07080570580935],[155.71058208177567,-17.07080570580935]]],"type":"Polygon"},"id":"candidate-0914","properties":{},"type":"Feature"},{"geometry":{"coordinates":[[[-139.42276142515658,-46.09673965292877],[-139.42276142515658,-43.60622764829309],[-138.95869540634487,-43.60622764829309],[-138.95869540634487,-46.09673965292877],[-139.42276142515658,-46.09673965292877]]],"type":"Polygon"},"id":"candidate-0915","properties":{},"type":"Feature"},{"geometry":{"coordinates":[[[113.79454753863293,-10.136252782561849],[113.79454753863293,-9.55820449161259],[116.28906008380561,-9.55820449161259],[116.28906008380561,-10.136252782561849],[113.79454753863293,-10.136252782561849]]],"type":"Polygon"},"id":"candidate-0916","properties":{},"type":"Feature"},{"geometry":{"coordinates":[[[59.92295659402549,22.533651605856353],[59.92295659402549,24.885819789708574],[60.446348110042265,24.885819789708574],[60.446348110042265,22.533651605856353],[59.92295659402549,22.533651605856353]]],"type":"Polygon"},"id":"candidate-0917","properties":{},"type":"Feature"},{"geometry":{"coordinates":[[[45.910934029202735,53.35624400863843],[45.910934029202735,54.8755680567471],[46.60898992268227,54.8755680567471],[46.60898992268227,53.35624400863843],[45.910934029202735,53.35624400863843]]],"type":"Polygon"},"id":"candidate-0918","properties":{},"type":"Feature"},{"geometry":{"coordinates":[[[-152.45068867786438,-28.260511412006657],[-152.45068867786438,-25.854883298178315],[-150.11755930031978,-25.854883298178315],[-150.11755930031978,-28.260511412006657],[-152.45068867786438,-28.260511412006657]]],"type":"Polygon"},"id":"candidate-0919","properties":{},"type":"Feature"},{"geometry":{"coordinates":[[[-129.0238621896241,-48.546433489670235],[-129.0238621896241,-48.00483188698777],[-128.0087190259188,-48.00483188698777],[-128.0087190259188,-48.546433489670235],[-129.0238621896241,-48.546433489670235]]],"type":"Polygon"},"id":"candidate-0920","properties":{},"type":"Feature"},{"geometry":{"coordinates":[[[-144.74851048633428,49.41047858237939],[-144.74851048633428,51.35721061313246],[-144.1834388919146,51.35721061313246],[-144.1834388919146,49.41047858237939],[-144.74851048633428,49.41047858237939]]],"type":"Polygon"},"id":"candidate-0921","properties":{},"type":"Feature"},{"geometry":{"coordinates":[[[-7.1647846985148735,-46.4932096084088],[-7.1647846985148735,-45.779467987130836],[-5.752727884174268,-45.779467987130836],[-5.752727884174268,-46.4932096084088],[-7.1647846985148735,-46.4932096084088]]],"type":"Polygon"},"id":"candidate-0922","properties":{},"type":"Feature"},{"geometry":{"coordinates":[[[108.70180052831512,-1.9959331407934158],[108.70180052831512,-0.3250895560524143],[110.61730942023627,-0.3250895560524143],[110.61730942023627,-1.9959331407934158],[108.70180052831512,-1.9959331407934158]]],"type":"Polygon"},"id":"candidate-0923","properties":{},"type":"Feature"},{"geometry":{"coordinates":[[[-164.09861890800735,27.689743987222883],[-164.09861890800735,29.430228816047915],[-161.9495290665138,29.430228816047915],[-161.9495290665138,27.689743987222883],[-164.09861890800735,27.689743987222883]]],"type":"Polygon"},"id":"candidate-0924","properties":{},"type":"Feature"},{"geometry":{"coordinates":[[[-122.09223499712675,42.74981138782115],[-122.09223499712675,43.45640136235105],[-119.8978221400834,43.45640136235105],[-119.8978221400834,42.74981138782115],[-122.09223499712675,42.74981138782115]]],"type":"Polygon"},"id":"candidate-0925","properties":{},"type":"Feature"},{"geometry":{"coordinates":[[[-51.38781749722522,-35.09716487912476],[-51.38781749722522,-34.41440557889865],[-49.21936906923347,-34.41440557889865],[-49.21936906923347,-35.09716487912476],[-51.38781749722522,-35.09716487912476]]],"type":"Polygon"},"id":"candidate-0926","properties":{},"type":"Feature"},{"geometry":{"coordinates":[[[-164.50779014411472,-8.366415027947717],[-164.50779014411472,-6.801320029956265],[-162.16400881970839,-6.801320029956265],[-162.16400881970839,-8.366415027947717],[-164.50779014411472,-8.366415027947717]]],"type":"Polygon"},"id":"candidate-0927","properties":{},"type":"Feature"},{"geometry":{"coordinates":[[[13.14287537562829,70.98535818633775],[13.14287537562829,71.47993501016396],[14.917832462384883,71.47993501016396],[14.917832462384883,70.98535818633775],[13.14287537562829,70.98535818633775]]],"type":"Polygon"},"id":"candidate-0928","properties":{},"type":"Feature"},{"geometry":{"coordinates":[[[-94.68527708457856,21.704996933789754],[-94.68527708457856,22.871674548275724],[-94.19444561080607,22.871674548275724],[-94.19444561080607,21.704996933789754],[-94.68527708457856,21.704996933789754]]],"type":"Polygon"},"id":"candidate-0929","properties":{},"type":"Feature"},{"geometry":{"coordinates":[[[-5.928656579228181,15.003083581165086],[-5.928656579228181,16.524677197621585],[-3.51806762758934,16.524677197621585],[-3.51806762758934,15.003083581165086],[-5.928656579228181,15.003083581165086]]],"type":"Polygon"},"id":"candidate-0930","properties":{},"type":"Feature"},{"geometry":{"coordinates":[[[-25.091900282371252,42.029616958742224],[-25.091900282371252,43.28976360374784],[-24.22642081089376,43.28976360374784],[-24.22642081089376,42.029616958742224],[-25.091900282371252,42.029616958742224]]],"type":"Polygon"},"id":"candidate-0931","properties":{},"type":"Feature"},{"geometry":{"coordinates":[[[48.08148649002664,-53.926284331661726],[48.08148649002664,-52.53969026611336],[50.45926619369566,-52.53969026611336],[50.45926619369566,-53.926284331661726],[48.08148649002664,-53.926284331661726]]],"type":"Polygon"},"id":"candidate-0932","properties":{},"type":"Feature"},{"geometry":{"coordinates":[[[-89.92882643842749,-31.041791516235975],[-89.92882643842749,-30.019810720028495],[-87.43050939360644,-30.019810720028495],[-87.43050939360644,-31.041791516235975],[-89.92882643842749,-31.041791516235975]]],"type":"Polygon"},"id":"candidate-0933","properties":{},"type":"Feature"},{"geometry":{"coordinates":[[[31.752186097733297,-45.92028646673839],[31.752186097733297,-45.60664686742513],[34.186915150191034,-45.60664686742513],[34.186915150191034,-45.92028646673839],[31.752186097733297,-45.92028646673839]]],"type":"Polygon"},"id":"candidate-0934","properties":{},"type":"Feature"},{"geometry":{"coordinates":[[[107.14256354692935,58.113012527994094],[107.14256354692935,59.665902054042796],[108.3941924595112,59.665902054042796],[108.3941924595112,58.113012527994094],[107.14256354692935,58.113012527994094]]],"type":"Polygon"},"id":"candidate-0935","properties":{},"type":"Feature"},{"geometry":{"coordinates":[[[117.63835711910514,37.90763573174869],[117.63835711910514,39.84465957357036],[119.41712993706159,39.84465957357036],[119.41712993706159,37.90763573174869],[117.63835711910514,37.90763573174869]]],"type":"Polygon"},"id":"candidate-0936","properties":{},"type":"Feature"},{"geometry":{"coordinates":[[[-27.197375658746708,-50.28807404646924],[-27.197375658746708,-49.36029196470816],[-26.83591300886097,-49.36029196470816],[-26.83591300886097,-50.28807404646924],[-27.197375658746708,-50.28807404646924]]],"type":"Polygon"},"id":"candidate-0937","properties":{},"type":"Feature"},{"geometry":{"coordinates":[[[-85.80482370341784,9.218998394531985],[-85.80482370341784,9.88502185986203],[-84.29161328602765,9.88502185986203],[-84.29161328602765,9.218998394531985],[-85.80482370341784,9.218998394531985]]],"type":"Polygon"},"id":"candidate-0938","properties":{},"type":"Feature"},{"geometry":{"coordinates":[[[142.83633305180362,68.40600041681576],[142.83633305180362,70.50391293086982],[145.1841718807673,70.50391293086982],[145.1841718807673,68.40600041681576],[142.83633305180362,68.40600041681576]]],"type":"Polygon"},"id":"candidate-0939","properties":{},"type":"Feature"},{"geometry":{"coordinates":[[[-37.73178737810823,35.973857948154766],[-37.73178737810823,38.293416093636786],[-36.537961638029834,38.293416093636786],[-36.537961638029834,35.973857948154766],[-37.73178737810823,35.973857948154766]]],"type":"Polygon"},"id":"candidate-0940","properties":{},"type":"Feature"},{"geometry":{"coordinates":[[[-3.3134605045709886,-9.276029301205488],[-3.3134605045709886,-7.509248049032844],[-0.8693345246250976,-7.509248049032844],[-0.8693345246250976,-9.276029301205488],[-3.3134605045709886,-9.276029301205488]]],"type":"Polygon"},"id":"candidate-0941","properties":{},"type":"Feature"},{"geometry":{"coordinates":[[[73.72021418114078,12.359070391904497],[73.72021418114078,13.462837654790532],[74.62430179814054,13.462837654790532],[74.62430179814054,12.359070391904497],[73.72021418114078,12.359070391904497]]],"type":"Polygon"},"id":"candidate-0942","properties":{},"type":"Feature"},{"geometry":{"coordinates":[[[-148.61452499600182,18.632598467855317],[-148.61452499600182,18.987076496827726],[-146.97921876345055,18.987076496827726],[-146.97921876345055,18.632598467855317],[-148.61452499600182,18.632598467855317]]],"type":"Polygon"},"id":"candidate-0943","properties":{},"type":"Feature"},{"geometry":{"coordinates":[[[51.64810620167056,-29.788481325115633],[51.64810620167056,-28.2167683724838],[52.608199035680045,-28.2167683724838],[52.608199035680045,-29.788481325115633],[51.64810620167056,-29.788481325115633]]],"type":"Polygon"},"id":"candidate-0944","properties":{},"type":"Feature"},{"geometry":{"coordinates":[[[115.55176476073473,30.033820950247705],[115.55176476073473,31.101317108715474],[117.30051970964269,31.101317108715474],[117.30051970964269,30.033820950247705],[115.55176476073473,30.033820950247705]]],"type":"Polygon"},"id":"candidate-0945","properties":{},"type":"Feature"},{"geometry":{"coordinates":[[[64.78029707504693,-20.516364036321317],[64.78029707504693,-19.668479810432405],[66.46441528806137,-19.668479810432405],[66.46441528806137,-20.516364036321317],[64.78029707504693,-20.516364036321317]]],"type":"Polygon"},"id":"candidate-0946","properties":{},"type":"Feature"},{"geometry":{"coordinates":[[[88.46464957605518,65.01065340199116],[88.46464957605518,65.73534284606433],[89.9577346781323,65.73534284606433],[89.9577346781323,65.01065340199116],[88.46464957605518,65.01065340199116]]],"type":"Polygon"},"id":"candidate-0947","properties":{},"type":"Feature"},{"geometry":{"coordinates":[[[74.81580250599356,39.742463274759785],[74.81580250599356,42.19611686267632],[75.57221935932435,42.19611686267632],[75.57221935932435,39.742463274759785],[74.81580250599356,39.742463274759785]]],"type":"Polygon"},"id":"candidate-0948","properties":{},"type":"Feature"},{"geometry":{"coordinates":[[[137.4926144747511,-21.469499033820966],[137.4926144747511,-19.774983177370146],[138.25029027496274,-19.774983177370146],[138.25029027496274,-21.469499033820966],[137.4926144747511,-21.469499033820966]]],"type":"Polygon"},"id":"candidate-0949","properties":{},"type":"Feature"},{"geometry":{"coordinates":[[[-160.13216718899668,73.43858544034237],[-160.13216718899668,74.55182767678639],[-158.04358700017474,74.55182767678639],[-158.04358700017474,73.43858544034237],[-160.13216718899668,73.43858544034237]]],"type":"Polygon"},"id":"candidate-0950","properties":{},"type":"Feature"},{"geometry":{"coordinates":[[[166.18431492736022,15.403404560158942],[166.18431492736022,16.668812116872694],[168.6752926798232,16.668812116872694],[168.6752926798232,15.403404560158942],[166.18431492736022,15.403404560158942]]],"type":"Polygon"},"id":"candidate-0951","properties":{},"type":"Feature"},{"geometry":{"coordinates":[[[48.5154781245963,-3.272884866522137],[48.5154781245963,-2.6083429724853566],[49.60841304651565,-2.6083429724853566],[49.60841304651565,-3.272884866522137],[48.5154781245963,-3.272884866522137]]],"type":"Polygon"},"id":"candidate-0952","properties":{},"type":"Feature"},{"geometry":{"coordinates":[[[125.18457291820533,-51.216321703449374],[125.18457291820533,-50.338675389778494],[127.50543043151589,-50.338675389778494],[127.50543043151589,-51.216321703449374],[125.18457291820533,-51.216321703449374]]],"type":"Polygon"},"id":"candidate-0953","properties":{},"type":"Feature"},{"geometry":{"coordinates":[[[-119.17505006932905,2.9432337275802585],[-119.17505006932905,4.4159316546648935],[-117.46299023563259,4.4159316546648935],[-117.46299023563259,2.9432337275802585],[-119.17505006932905,2.9432337275802585]]],"type":"Polygon"},"id":"candidate-0954","properties":{},"type":"Feature"},{"geometry":{"coordinates":[[[37.387647154858335,-23.856157143204424],[37.387647154858335,-23.066423341653216],[39.603947419089685,-23.066423341653216],[39.603947419089685,-23.856157143204424],[37.387647154858335,-23.856157143204424]]],"type":"Polygon"},"id":"candidate-0955","properties":{},"type":"Feature"},{"geometry":{"coordinates":[[[35.7218821891892,-25.383226784803448],[35.7218821891892,-24.808876864283697],[37.05182166316435,-24.808876864283697],[37.05182166316435,-25.383226784803448],[35.7218821891892,-25.383226784803448]]],"type":"Polygon"},"id":"candidate-0956","properties":{},"type":"Feature"},{"geometry":{"coordinates":[[[-150.90773310416918,-36.011218209610774],[-150.90773310416918,-34.123083144941376],[-148.46802482755905,-34.123083144941376],[-148.46802482755905,-36.011218209610774],[-150.90773310416918,-36.011218209610774]]],"type":"Polygon"},"id":"candidate-0957","properties":{},"type":"Feature"},{"geometry":{"coordinates":[[[47.64381934573437,27.743450946714063],[47.64381934573437,28.32264151484256],[49.534901530659724,28.32264151484256],[49.534901530659724,27.743450946714063],[47.64381934573437,27.743450946714063]]],"type":"Polygon"},"id":"candidate-0958","properties":{},"type":"Feature"},{"geometry":{"coordinates":[[[-99.69913863463914,47.98038131972631],[-99.69913863463914,48.99938478373162],[-99.3297066623236,48.99938478373162],[-99.3297066623236,47.98038131972631],[-99.69913863463914,47.98038131972631]]],"type":"Polygon"},"id":"candidate-0959","properties":{},"type":"Feature"},{"geometry":{"coordinates":[[[-83.53588713239994,12.245619335995528],[-83.53588713239994,14.050042164945538],[-82.35811610494913,14.050042164945538],[-82.35811610494913,12.245619335995528],[-83.53588713239994,12.245619335995528]]],"type":"Polygon"},"id":"candidate-0960","properties":{},"type":"Feature"},{"geometry":{"coordinates":[[[-159.32711475036453,45.35303063031477],[-159.32711475036453,46.34339064294054],[-158.7619118233752,46.34339064294054],[-158.7619118233752,45.35303063031477],[-159.32711475036453,45.35303063031477]]],"type":"Polygon"},"id":"candidate-0961","properties":{},"type":"Feature"},{"geometry":{"coordinates":[[[-113.78500047754936,14.114254258932874],[-113.78500047754936,15.065822244023508],[-112.36089545028257,15.065822244023508],[-112.36089545028257,14.114254258932874],[-113.78500047754936,14.114254258932874]]],"type":"Polygon"},"id":"candidate-0962","properties":{},"type":"Feature"},{"geometry":{"coordinates":[[[-49.91936900583836,61.05652938783061],[-49.91936900583836,62.644127353821005],[-48.645013147718274,62.644127353821005],[-48.645013147718274,61.05652938783061],[-49.91936900583836,61.05652938783061]]],"type":"Polygon"},"id":"candidate-0963","properties":{},"type":"Feature"},{"geometry":{"coordinates":[[[-52.71671151519363,71.8574470630257],[-52.71671151519363,73.78394274143933],[-51.31662986904296,73.78394274143933],[-51.31662986904296,71.8574470630257],[-52.71671151519363,71.8574470630257]]],"type":"Polygon"},"id":"candidate-0964","properties":{},"type":"Feature"},{"geometry":{"coordinates":[[[-123.9488843330912,66.76130424406904],[-123.9488843330912,68.04229837598297],[-122.58592477163643,68.04229837598297],[-122.58592477163643,66.76130424406904],[-123.9488843330912,66.76130424406904]]],"type":"Polygon"},"id":"candidate-0965","properties":{},"type":"Feature"},{"geometry":{"coordinates":[[[51.06770630533729,65.77859690985267],[51.06770630533729,66.52586824467582],[51.52654757164648,66.52586824467582],[51.52654757164648,65.77859690985267],[51.06770630533729,65.77859690985267]]],"type":"Polygon"},"id":"candidate-0966","properties":{},"type":"Feature"},{"geometry":{"coordinates":[[[-60.444028910956625,-5.830567901607104],[-60.444028910956625,-5.20570155708922],[-58.3808217059137,-5.20570155708922],[-58.3808217059137,-5.830567901607104],[-60.444028910956625,-5.830567901607104]]],"type":"Polygon"},"id":"candidate-0967","properties":{},"type":"Feature"},{"geometry":{"coordinates":[[[-140.23881220497935,60.3572386643764],[-140.23881220497935,62.03898837021317],[-138.4747098561371,62.03898837021317],[-138.4747098561371,60.3572386643764],[-140.23881220497935,60.3572386643764]]],"type":"Polygon"},"id":"candidate-0968","properties":{},"type":"Feature"},{"geometry":{"coordinates":[[[13.926502290438046,29.89784692301026],[13.926502290438046,31.556934039863936],[15.946156294206352,31.556934039863936],[15.946156294206352,29.89784692301026],[13.926502290438046,29.89784692301026]]],"type":"Polygon"},"id":"candidate-0969","properties":{},"type":"Feature"},{"geometry":{"coordinates":[[[-126.17774834943694,-36.11882961981271],[-126.17774834943694,-35.31882298264495],[-124.91476011812088,-35.31882298264495],[-124.91476011812088,-36.11882961981271],[-126.17774834943694,-36.11882961981271]]],"type":"Polygon"},"id":"candidate-0970","properties":{},"type":"Feature"},{"geometry":{"coordinates":[[[30.440839599676792,-4.908640079321185],[30.440839599676792,-2.683222752591351],[31.57088666557803,-2.683222752591351],[31.57088666557803,-4.908640079321185],[30.440839599676792,-4.908640079321185]]],"type":"Polygon"},"id":"candidate-0971","properties":{},"type":"Feature"},{"geometry":{"coordinates":[[[21.475965072182582,59.58027734096179],[21.475965072182582,60.06348599216438],[21.90141462085581,60.06348599216438],[21.90141462085581,59.58027734096179],[21.475965072182582,59.58027734096179]]],"type":"Polygon"},"id":"candidate-0972","properties":{},"type":"Feature"},{"geometry":{"coordinates":[[[33.72246176010953,5.050951871704034],[33.72246176010953,7.285063918792214],[34.81871921817048,7.285063918792214],[34.81871921817048,5.050951871704034],[33.72246176010953,5.050951871704034]]],"type":"Polygon"},"id":"candidate-0973","properties":{},"type":"Feature"},{"geometry":{"coordinates":[[[-47.28174470392627,12.555092916618756],[-47.28174470392627,13.582646428015456],[-46.217643579897334,13.582646428015456],[-46.217643579897334,12.555092916618756],[-47.28174470392627,12.555092916618756]]],"type":"Polygon"},"id":"candidate-0974","properties":{},"type":"Feature"},{"geometry":{"coordinates":[[[45.29938125990045,-18.276422219026614],[45.29938125990045,-17.821042296768127],[46.82992121071252,-17.821042296768127],[46.82992121071252,-18.276422219026614],[45.29938125990045,-18.276422219026614]]],"type":"Polygon"},"id":"candidate-0975","properties":{},"type":"Feature"},{"geometry":{"coordinates":[[[92.30287468096057,39.34555156706624],[92.30287468096057,40.136251164374684],[93.6762645339758,40.136251164374684],[93.6762645339758,39.34555156706624],[92.30287468096057,39.34555156706624]]],"type":"Polygon"},"id":"candidate-0976","properties":{},"type":"Feature"},{"geometry":{"coordinates":[[[-85.75040708666377,-26.21793027903089],[-85.75040708666377,-25.058745379491643],[-85.05452658417373,-25.058745379491643],[-85.05452658417373,-26.21793027903089],[-85.75040708666377,-26.21793027903089]]],"type":"Polygon"},"id":"candidate-0977","properties":{},"type":"Feature"},{"geometry":{"coordinates":[[[-58.43082774648162,42.259455144322985],[-58.43082774648162,43.6077357479068],[-57.86140133381678,43.6077357479068],[-57.86140133381678,42.259455144322985],[-58.43082774648162,42.259455144322985]]],"type":"Polygon"},"id":"candidate-0978","properties":{},"type":"Feature"},{"geometry":{"coordinates":[[[-33.020246075582484,4.222545277076424],[-33.020246075582484,6.534852482591543],[-31.867429399522656,6.534852482591543],[-31.867429399522656,4.222545277076424],[-33.020246075582484,4.222545277076424]]],"type":"Polygon"},"id":"candidate-0979","properties":{},"type":"Feature"},{"geometry":{"coordinates":[[[106.20912913668064,26.769849250586695],[106.20912913668064,28.0419599483642],[107.57635335923499,28.0419599483642],[107.57635335923499,26.769849250586695],[106.20912913668064,26.769849250586695]]],"type":"Polygon"},"id":"candidate-0980","properties":{},"type":"Feature"},{"geometry":{"coordinates":[[[139.68593894658284,28.287298759025735],[139.68593894658284,29.44505098981531],[140.61531951549955,29.44505098981531],[140.61531951549955,28.287298759025735],[139.68593894658284,28.287298759025735]]],"type":"Polygon"},"id":"candidate-0981","properties":{},"type":"Feature"},{"geometry":{"coordinates":[[[-127.5992405333641,-4.1391065709624115],[-127.5992405333641,-2.9199788586757762],[-126.47035605838111,-2.9199788586757762],[-126.47035605838111,-4.1391065709624115],[-127.5992405333641,-4.1391065709624115]]],"type":"Polygon"},"id":"candidate-0982","properties":{},"type":"Feature"},{"geometry":{"coordinates":[[[72.29639972205592,58.23316669707203],[72.29639972205592,59.577756643668],[73.7188182403969,59.577756643668],[73.7188182403969,58.23316669707203],[72.29639972205592,58.23316669707203]]],"type":"Polygon"},"id":"candidate-0983","properties":{},"type":"Feature"},{"geometry":{"coordinates":[[[34.41912686047543,31.628214097473137],[34.41912686047543,33.95035915294043],[35.85655343950232,33.95035915294043],[35.85655343950232,31.628214097473137],[34.41912686047543,31.628214097473137]]],"type":"Polygon"},"id":"candidate-0984","properties":{},"type":"Feature"},{"geometry":{"coordinates":[[[9.425072891650627,-30.492999228252145],[9.425072891650627,-28.814566646240245],[9.977288111026,-28.814566646240245],[9.977288111026,-30.492999228252145],[9.425072891650627,-30.492999228252145]]],"type":"Polygon"},"id":"candidate-0985","properties":{},"type":"Feature"},{"geometry":{"coordinates":[[[-84.76511045808137,-48.603273337948124],[-84.76511045808137,-46.24612171241165],[-83.60917623727168,-46.24612171241165],[-83.60917623727168,-48.603273337948124],[-84.76511045808137,-48.603273337948124]]],"type":"Polygon"},"id":"candidate-0986","properties":{},"type":"Feature"},{"geometry":{"coordinates":[[[-137.06398438508913,36.021881738072516],[-137.06398438508913,37.948810708024276],[-134.91126169058052,37.948810708024276],[-134.91126169058052,36.021881738072516],[-137.06398438508913,36.021881738072516]]],"type":"Polygon"},"id":"candidate-0987","properties":{},"type":"Feature"},{"geometry":{"coordinates":[[[-91.22411661461523,-32.98059247260848],[-91.22411661461523,-31.04602158638873],[-90.04586315116678,-31.04602158638873],[-90.04586315116678,-32.98059247260848],[-91.22411661461523,-32.98059247260848]]],"type":"Polygon"},"id":"candidate-0988","properties":{},"type":"Feature"},{"geometry":{"coordinates":[[[109.36084028833875,16.837409933434525],[109.36084028833875,18.08617505464638],[111.59401515511638,18.08617505464638],[111.59401515511638,16.837409933434525],[109.36084028833875,16.837409933434525]]],"type":"Polygon"},"id":"candidate-0989","properties":{},"type":"Feature"},{"geometry":{"coordinates":[[[-151.24282937991003,46.604784686054344],[-151.24282937991003,47.270375858177815],[-150.29918860711157,47.270375858177815],[-150.29918860711157,46.604784686054344],[-151.24282937991003,46.604784686054344]]],"type":"Polygon"},"id":"candidate-0990","properties":{},"type":"Feature"},{"geometry":{"coordinates":[[[-91.30909759357544,-46.1371717344165],[-91.30909759357544,-44.571209159615194],[-90.87558085902913,-44.571209159615194],[-90.87558085902913,-46.1371717344165],[-91.30909759357544,-46.1371717344165]]],"type":"Polygon"},"id":"candidate-0991","properties":{},"type":"Feature"},{"geometry":{"coordinates":[[[41.52314517014077,69.99574923922147],[41.52314517014077,71.14622719929723],[41.91675045115186,71.14622719929723],[41.91675045115186,69.99574923922147],[41.52314517014077,69.99574923922147]]],"type":"Polygon"},"id":"candidate-0992","properties":{},"type":"Feature"},{"geometry":{"coordinates":[[[-59.483130560384446,-43.44437484600597],[-59.483130560384446,-42.45563511143325],[-58.26164946454781,-42.45563511143325],[-58.26164946454781,-43.44437484600597],[-59.483130560384446,-43.44437484600597]]],"type":"Polygon"},"id":"candidate-0993","properties":{},"type":"Feature"},{"geometry":{"coordinates":[[[162.13371172121518,61.54993916339151],[162.13371172121518,63.13810112791999],[164.31248727568172,63.13810112791999],[164.31248727568172,61.54993916339151],[162.13371172121518,61.54993916339151]]],"type":"Polygon"},"id":"candidate-0994","properties":{},"type":"Feature"},{"geometry":{"coordinates":[[[-57.11360957824463,10.532179563145785],[-57.11360957824463,12.09111260362467],[-56.22731404326003,12.09111260362467],[-56.22731404326003,10.532179563145785],[-57.11360957824463,10.532179563145785]]],"type":"Polygon"},"id":"candidate-0995","properties":{},"type":"Feature"},{"geometry":{"coordinates":[[[-90.49307907006708,-28.590739434350517],[-90.49307907006708,-27.223095280721203],[-90.0462380450423,-27.223095280721203],[-90.0462380450423,-28.590739434350517],[-90.49307907006708,-28.590739434350517]]],"type":"Polygon"},"id":"candidate-0996","properties":{},"type":"Feature"},{"geometry":{"coordinates":[[[30.741112116511207,58.475361166974196],[30.741112116511207,60.04889237706085],[32.76627753713058,60.04889237706085],[32.76627753713058,58.475361166974196],[30.741112116511207,58.475361166974196]]],"type":"Polygon"},"id":"candidate-0997","properties":{},"type":"Feature"},{"geometry":{"coordinates":[[[-113.60435523789157,65.63358281097248],[-113.60435523789157,68.02990058056693],[-111.96727391120412,68.02990058056693],[-111.96727391120412,65.63358281097248],[-113.60435523789157,65.63358281097248]]],"type":"Polygon"},"id":"candidate-0998","properties":{},"type":"Feature"},{"geometry":{"coordinates":[[[-117.23178350935059,8.54812279498064],[-117.23178350935059,9.280801958469512],[-116.9045087380219,9.280801958469512],[-116.9045087380219,8.54812279498064],[-117.23178350935059,8.54812279498064]]],"type":"Polygon"},"id":"candidate-0999","properties":{},"type":"Feature"}],"type":"FeatureCollection"}